UniProtKB	Protein	Accession	Class	Units	HC.db	HC.chembl	InChIKey	Affinity.HC	Metabolite	Affinity.metabolite
5HT1A_HUMAN	Serotonin 1a (5-HT1a) receptor                    	P08908	GPCR	Ki	SYNEPHRINE|SYNEPHERINE	OXEDRINE  	YRCWQPVGYLYSOX-UHFFFAOYSA-N	4.2	5-hydroxytryptamine	9.7
ACM4_HUMAN	Muscarinic acetylcholine receptor M4              	P08173	GPCR	Ki	MUSCARINE	MUSCARINE 	UQOFGTXDASPNLL-XHNCKOQMSA-N	6.01	acetylcholine	5.6
ACM2_HUMAN	Muscarinic acetylcholine receptor M2              	P08172	GPCR	Ki	MUSCARINE	MUSCARINE 	UQOFGTXDASPNLL-XHNCKOQMSA-N	7.04	acetylcholine	6.5
ACM1_HUMAN	Muscarinic acetylcholine receptor M1              	P11229	GPCR	Ki	MUSCARINE	MUSCARINE 	UQOFGTXDASPNLL-XHNCKOQMSA-N	6.0	acetylcholine	4.9
OPRM_HUMAN	Mu opioid receptor                                	P35372	GPCR	Ki	SINOACUTINE|SALUTARIDINE	SALUTARIDINE	GVTRUVGBZQJVTF-YJYMSZOUSA-N	4.46	[Leu]enkephalin	8.1
OPRM_HUMAN	Mu opioid receptor                                	P35372	GPCR	Ki	SINOACUTINE|SALUTARIDINE	SALUTARIDINE	GVTRUVGBZQJVTF-YJYMSZOUSA-N	4.46	dynorphin A-(1-13)	8.3
OPRM_HUMAN	Mu opioid receptor                                	P35372	GPCR	Ki	SINOACUTINE|SALUTARIDINE	SALUTARIDINE	GVTRUVGBZQJVTF-YJYMSZOUSA-N	4.46	dynorphin A	8.1
OPRM_HUMAN	Mu opioid receptor                                	P35372	GPCR	Ki	SINOACUTINE|SALUTARIDINE	SALUTARIDINE	GVTRUVGBZQJVTF-YJYMSZOUSA-N	4.46	dynorphin A-(1-8)	8.4
OPRM_HUMAN	Mu opioid receptor                                	P35372	GPCR	Ki	SINOACUTINE|SALUTARIDINE	SALUTARIDINE	GVTRUVGBZQJVTF-YJYMSZOUSA-N	4.46	dynorphin B	8.5
5HT7R_HUMAN	Serotonin 7 (5-HT7) receptor                      	P34969	GPCR	Ki	GLAUDINE	GLAUCINE  	RUZIUYOSRDWYQF-HNNXBMFYSA-N	7.37	5-hydroxytryptamine	9.6
5HT1A_HUMAN	Serotonin 1a (5-HT1a) receptor                    	P08908	GPCR	Ki	GLAUDINE	GLAUCINE  	RUZIUYOSRDWYQF-HNNXBMFYSA-N	6.77	5-hydroxytryptamine	9.7
5HT2A_HUMAN	Serotonin 2a (5-HT2a) receptor                    	P28223	GPCR	Ki	GLAUDINE	GLAUCINE  	RUZIUYOSRDWYQF-HNNXBMFYSA-N	6.01	5-hydroxytryptamine	8.4
TAAR1_HUMAN	Trace amine-associated receptor 1                 	Q96RJ0	GPCR	EC50	O-METHOXY-PHENYLETHYLAMINE	None      	LTPVSOCPYWDIFU-UHFFFAOYSA-N	5.22	&beta;-phenylethylamine	7.0
TAAR1_HUMAN	Trace amine-associated receptor 1                 	Q96RJ0	GPCR	EC50	O-METHOXY-PHENYLETHYLAMINE	None      	LTPVSOCPYWDIFU-UHFFFAOYSA-N	5.22	tyramine	6.7
CNR1_HUMAN	Cannabinoid CB1 receptor                          	P21554	GPCR	Ki	CANNABINOL	CANNABINOL	VBGLYOIFKLUMQG-UHFFFAOYSA-N	6.51	anandamide	7.0
CNR1_HUMAN	Cannabinoid CB1 receptor                          	P21554	GPCR	Ki	CANNABIDIOL|CANNIBIDIOL	CANNABIDIOL	QHMBSVQNZZTUGM-ZWKOTPCHSA-N	5.49	anandamide	7.0
5HT1A_HUMAN	Serotonin 1a (5-HT1a) receptor                    	P08908	GPCR	Ki	(S)-10-GINGEROL|10-GINGEROL	None      	AIULWNKTYPZYAN-SFHVURJKSA-N	5.43	5-hydroxytryptamine	9.7
OPRM_HUMAN	Mu opioid receptor                                	P35372	GPCR	Ki	THEBAINE	THEBAINE  	FQXXSQDCDRQNQE-VMDGZTHMSA-N	5.13	[Leu]enkephalin	8.1
OPRM_HUMAN	Mu opioid receptor                                	P35372	GPCR	Ki	THEBAINE	THEBAINE  	FQXXSQDCDRQNQE-VMDGZTHMSA-N	5.13	dynorphin A-(1-13)	8.3
OPRM_HUMAN	Mu opioid receptor                                	P35372	GPCR	Ki	THEBAINE	THEBAINE  	FQXXSQDCDRQNQE-VMDGZTHMSA-N	5.13	dynorphin A	8.1
OPRM_HUMAN	Mu opioid receptor                                	P35372	GPCR	Ki	THEBAINE	THEBAINE  	FQXXSQDCDRQNQE-VMDGZTHMSA-N	5.13	dynorphin A-(1-8)	8.4
OPRM_HUMAN	Mu opioid receptor                                	P35372	GPCR	Ki	THEBAINE	THEBAINE  	FQXXSQDCDRQNQE-VMDGZTHMSA-N	5.13	dynorphin B	8.5
GCR_HUMAN	Glucocorticoid receptor                           	P04150	Nuclear hormone receptor	IC50	TESTOSTERONE	TESTOSTERONE	MUMGGOZAMZWBJJ-DYKIIFRCSA-N	5.49	cortisol	8.0
DRD1_HUMAN	Dopamine D1 receptor                              	P21728	GPCR	Ki	CANADINE	CANADINE  	VZTUIEROBZXUFA-INIZCTEOSA-N	7.18	dopamine	5.6
DRD2_HUMAN	Dopamine D2 receptor                              	P14416	GPCR	Ki	CANADINE	CANADINE  	VZTUIEROBZXUFA-INIZCTEOSA-N	6.92	dopamine	7.2
DRD3_HUMAN	Dopamine D3 receptor                              	P35462	GPCR	Ki	STEPHOLIDINE	STEPHOLIDINE	JKPISQIIWUONPB-HNNXBMFYSA-N	7.36	dopamine	7.3
DRD1_HUMAN	Dopamine D1 receptor                              	P21728	GPCR	Ki	STEPHOLIDINE	STEPHOLIDINE	JKPISQIIWUONPB-HNNXBMFYSA-N	8.21	dopamine	5.6
DRD2_HUMAN	Dopamine D2 receptor                              	P14416	GPCR	Ki	STEPHOLIDINE	STEPHOLIDINE	JKPISQIIWUONPB-HNNXBMFYSA-N	7.05	dopamine	7.2
CNR1_HUMAN	Cannabinoid CB1 receptor                          	P21554	GPCR	Ki	CANNABIGEROL	CANNABIGEROL	QXACEHWTBCFNSA-SFQUDFHCSA-N	6.12	anandamide	7.0
GCR_HUMAN	Glucocorticoid receptor                           	P04150	Nuclear hormone receptor	IC50	17-ALPHA-HYDROXYPROGESTERONE|17-HYDROXYPROGESTERONE	HYDROXYPROGESTERONE	DBPWSSGDRRHUNT-CEGNMAFCSA-N	7.29	cortisol	8.0
PI2R_HUMAN	Prostanoid IP receptor                            	P43119	GPCR	Ki	PROSTAGLANDIN-E-1	ALPROSTADIL	GMVPRGQOIOIIMI-DWKJAMRDSA-N	6.82	PGI<sub>2</sub>	7.8
AA2BR_HUMAN	Adenosine A2b receptor                            	P29275	GPCR	Ki	THEOPHYLLINE	7-CHLOROETHYLTHEOPHYLLINE	QCIARNIKNKKHFH-UHFFFAOYSA-N	5.86	adenosine	4.82
DRD1_HUMAN	Dopamine D1 receptor                              	P21728	GPCR	Ki	TYRAMINE	None      	GHFGJTVYMNRGBY-UHFFFAOYSA-N	4.32	dopamine	5.6
DRD2_HUMAN	Dopamine D2 receptor                              	P14416	GPCR	Ki	TYRAMINE	None      	GHFGJTVYMNRGBY-UHFFFAOYSA-N	4.7	dopamine	7.2
TAAR1_HUMAN	Trace amine-associated receptor 1                 	Q96RJ0	GPCR	EC50	TYRAMINE	None      	GHFGJTVYMNRGBY-UHFFFAOYSA-N	5.76	&beta;-phenylethylamine	7.0
TAAR1_HUMAN	Trace amine-associated receptor 1                 	Q96RJ0	GPCR	EC50	TYRAMINE	None      	GHFGJTVYMNRGBY-UHFFFAOYSA-N	5.76	tyramine	6.7
VDR_HUMAN	Vitamin D receptor                                	P11473	Nuclear hormone receptor	Kd	VITAMIN-D|VIT-D	CALCITRIOL	GMRQFYUYWCNGIN-NKMMMXOESA-N	10.2	1,25-dihydroxyvitamin D3	9.2
P2RY2_HUMAN	Purinergic receptor P2Y2                          	P41231	GPCR	EC50	ADENYLIC-ACID	ADENOSINE PHOSPHATE	UDMBCSSLTHHNCD-KQYNXXCUSA-N	6.25	uridine triphosphate	8.1
P2RY2_HUMAN	Purinergic receptor P2Y2                          	P41231	GPCR	EC50	ADENYLIC-ACID	ADENOSINE PHOSPHATE	UDMBCSSLTHHNCD-KQYNXXCUSA-N	6.25	ATP	7.1
TAAR1_HUMAN	Trace amine-associated receptor 1                 	Q96RJ0	GPCR	EC50	O-METHOXY-PHENYLETHYLAMINE	None      	WJBMRZAHTUFBGE-UHFFFAOYSA-N	5.84	&beta;-phenylethylamine	7.0
TAAR1_HUMAN	Trace amine-associated receptor 1                 	Q96RJ0	GPCR	EC50	O-METHOXY-PHENYLETHYLAMINE	None      	WJBMRZAHTUFBGE-UHFFFAOYSA-N	5.84	tyramine	6.7
OPRM_HUMAN	Mu opioid receptor                                	P35372	GPCR	Ki	RESERPINE	RESERPINE 	QEVHRUUCFGRFIF-MDEJGZGSSA-N	5.77	[Leu]enkephalin	8.1
OPRM_HUMAN	Mu opioid receptor                                	P35372	GPCR	Ki	RESERPINE	RESERPINE 	QEVHRUUCFGRFIF-MDEJGZGSSA-N	5.77	dynorphin A-(1-13)	8.3
OPRM_HUMAN	Mu opioid receptor                                	P35372	GPCR	Ki	RESERPINE	RESERPINE 	QEVHRUUCFGRFIF-MDEJGZGSSA-N	5.77	dynorphin A	8.1
OPRM_HUMAN	Mu opioid receptor                                	P35372	GPCR	Ki	RESERPINE	RESERPINE 	QEVHRUUCFGRFIF-MDEJGZGSSA-N	5.77	dynorphin A-(1-8)	8.4
OPRM_HUMAN	Mu opioid receptor                                	P35372	GPCR	Ki	RESERPINE	RESERPINE 	QEVHRUUCFGRFIF-MDEJGZGSSA-N	5.77	dynorphin B	8.5
5HT2B_HUMAN	Serotonin 2b (5-HT2b) receptor                    	P41595	GPCR	Ki	MESCALINE	MESCALINE 	RHCSKNNOAZULRK-UHFFFAOYSA-N	6.1	5-hydroxytryptamine	8.4
5HT2A_HUMAN	Serotonin 2a (5-HT2a) receptor                    	P28223	GPCR	Ki	MESCALINE	MESCALINE 	RHCSKNNOAZULRK-UHFFFAOYSA-N	6.26	5-hydroxytryptamine	8.4
5HT2C_HUMAN	Serotonin 2c (5-HT2c) receptor                    	P28335	GPCR	Ki	MESCALINE	MESCALINE 	RHCSKNNOAZULRK-UHFFFAOYSA-N	6.52	5-hydroxytryptamine	8.6
OPRM_HUMAN	Mu opioid receptor                                	P35372	GPCR	Ki	ORIPAVINE	ORIPAVINE 	ZKLXUUYLEHCAMF-UUWFMWQGSA-N	6.54	[Leu]enkephalin	8.1
OPRM_HUMAN	Mu opioid receptor                                	P35372	GPCR	Ki	ORIPAVINE	ORIPAVINE 	ZKLXUUYLEHCAMF-UUWFMWQGSA-N	6.54	dynorphin A-(1-13)	8.3
OPRM_HUMAN	Mu opioid receptor                                	P35372	GPCR	Ki	ORIPAVINE	ORIPAVINE 	ZKLXUUYLEHCAMF-UUWFMWQGSA-N	6.54	dynorphin A	8.1
OPRM_HUMAN	Mu opioid receptor                                	P35372	GPCR	Ki	ORIPAVINE	ORIPAVINE 	ZKLXUUYLEHCAMF-UUWFMWQGSA-N	6.54	dynorphin A-(1-8)	8.4
OPRM_HUMAN	Mu opioid receptor                                	P35372	GPCR	Ki	ORIPAVINE	ORIPAVINE 	ZKLXUUYLEHCAMF-UUWFMWQGSA-N	6.54	dynorphin B	8.5
5HT1A_HUMAN	Serotonin 1a (5-HT1a) receptor                    	P08908	GPCR	Ki	8-GINGEROL|(S)-8-GINGEROL	None      	BCIWKKMTBRYQJU-INIZCTEOSA-N	4.93	5-hydroxytryptamine	9.7
DRD3_HUMAN	Dopamine D3 receptor                              	P35462	GPCR	Ki	STEPHOLIDINE	None      	JKPISQIIWUONPB-UHFFFAOYSA-N	7.0	dopamine	7.3
DRD1_HUMAN	Dopamine D1 receptor                              	P21728	GPCR	Ki	STEPHOLIDINE	None      	JKPISQIIWUONPB-UHFFFAOYSA-N	8.25	dopamine	5.6
DRD2_HUMAN	Dopamine D2 receptor                              	P14416	GPCR	Ki	STEPHOLIDINE	None      	JKPISQIIWUONPB-UHFFFAOYSA-N	6.94	dopamine	7.2
OPRD_HUMAN	Delta opioid receptor                             	P41143	GPCR	Ki	TAXOL-A|TAXOL	PACLITAXEL	RCINICONZNJXQF-MZXODVADSA-N	5.83	dynorphin A-(1-8)	8.4
OPRD_HUMAN	Delta opioid receptor                             	P41143	GPCR	Ki	TAXOL-A|TAXOL	PACLITAXEL	RCINICONZNJXQF-MZXODVADSA-N	5.83	[Leu]enkephalin	8.7
OPRD_HUMAN	Delta opioid receptor                             	P41143	GPCR	Ki	TAXOL-A|TAXOL	PACLITAXEL	RCINICONZNJXQF-MZXODVADSA-N	5.83	dynorphin B	7.8
OPRD_HUMAN	Delta opioid receptor                             	P41143	GPCR	Ki	TAXOL-A|TAXOL	PACLITAXEL	RCINICONZNJXQF-MZXODVADSA-N	5.83	endomorphin-1	6.1
OPRD_HUMAN	Delta opioid receptor                             	P41143	GPCR	Ki	TAXOL-A|TAXOL	PACLITAXEL	RCINICONZNJXQF-MZXODVADSA-N	5.83	&beta;-endorphin	8.3
OPRD_HUMAN	Delta opioid receptor                             	P41143	GPCR	Ki	TAXOL-A|TAXOL	PACLITAXEL	RCINICONZNJXQF-MZXODVADSA-N	5.83	dynorphin A-(1-13)	7.8
OPRD_HUMAN	Delta opioid receptor                             	P41143	GPCR	Ki	TAXOL-A|TAXOL	PACLITAXEL	RCINICONZNJXQF-MZXODVADSA-N	5.83	dynorphin A	7.4
DRD3_HUMAN	Dopamine D3 receptor                              	P35462	GPCR	Ki	(-)-SALSOLINOL	None      	IBRKLUSXDYATLG-LURJTMIESA-N	6.3	dopamine	7.3
DRD2_HUMAN	Dopamine D2 receptor                              	P14416	GPCR	Ki	(-)-SALSOLINOL	None      	IBRKLUSXDYATLG-LURJTMIESA-N	5.3	dopamine	7.2
DRD1_HUMAN	Dopamine D1 receptor                              	P21728	GPCR	Ki	TETRAHYDROPALMATINE	TETRAHYDROPALMATINE	AEQDJSLRWYMAQI-KRWDZBQOSA-N	6.64	dopamine	5.6
DRD1_HUMAN	Dopamine D1 receptor                              	P21728	GPCR	Ki	(-)-SCOULERINE	None      	KNWVMRVOBAFFMH-OAHLLOKOSA-N	6.28	dopamine	5.6
DRD1_HUMAN	Dopamine D1 receptor                              	P21728	GPCR	Ki	(-)-ISOCORYPALMINE|ISOCORYPALMINE|TETRAHYDROCOLUMBAMINE	None      	KDFKJOFJHSVROC-INIZCTEOSA-N	8.35	dopamine	5.6
DRD2_HUMAN	Dopamine D2 receptor                              	P14416	GPCR	Ki	(-)-ISOCORYPALMINE|ISOCORYPALMINE|TETRAHYDROCOLUMBAMINE	None      	KDFKJOFJHSVROC-INIZCTEOSA-N	7.04	dopamine	7.2
OPRM_HUMAN	Mu opioid receptor                                	P35372	GPCR	Ki	MORPHINE	MORPHINE  	BQJCRHHNABKAKU-KBQPJGBKSA-N	8.58	[Leu]enkephalin	8.1
OPRM_HUMAN	Mu opioid receptor                                	P35372	GPCR	Ki	MORPHINE	MORPHINE  	BQJCRHHNABKAKU-KBQPJGBKSA-N	8.58	dynorphin A-(1-13)	8.3
OPRM_HUMAN	Mu opioid receptor                                	P35372	GPCR	Ki	MORPHINE	MORPHINE  	BQJCRHHNABKAKU-KBQPJGBKSA-N	8.58	dynorphin A	8.1
OPRM_HUMAN	Mu opioid receptor                                	P35372	GPCR	Ki	MORPHINE	MORPHINE  	BQJCRHHNABKAKU-KBQPJGBKSA-N	8.58	dynorphin A-(1-8)	8.4
OPRM_HUMAN	Mu opioid receptor                                	P35372	GPCR	Ki	MORPHINE	MORPHINE  	BQJCRHHNABKAKU-KBQPJGBKSA-N	8.58	dynorphin B	8.5
OPRD_HUMAN	Delta opioid receptor                             	P41143	GPCR	Ki	MORPHINE	MORPHINE  	BQJCRHHNABKAKU-KBQPJGBKSA-N	6.61	dynorphin A-(1-8)	8.4
OPRD_HUMAN	Delta opioid receptor                             	P41143	GPCR	Ki	MORPHINE	MORPHINE  	BQJCRHHNABKAKU-KBQPJGBKSA-N	6.61	[Leu]enkephalin	8.7
OPRD_HUMAN	Delta opioid receptor                             	P41143	GPCR	Ki	MORPHINE	MORPHINE  	BQJCRHHNABKAKU-KBQPJGBKSA-N	6.61	dynorphin B	7.8
OPRD_HUMAN	Delta opioid receptor                             	P41143	GPCR	Ki	MORPHINE	MORPHINE  	BQJCRHHNABKAKU-KBQPJGBKSA-N	6.61	endomorphin-1	6.1
OPRD_HUMAN	Delta opioid receptor                             	P41143	GPCR	Ki	MORPHINE	MORPHINE  	BQJCRHHNABKAKU-KBQPJGBKSA-N	6.61	&beta;-endorphin	8.3
OPRD_HUMAN	Delta opioid receptor                             	P41143	GPCR	Ki	MORPHINE	MORPHINE  	BQJCRHHNABKAKU-KBQPJGBKSA-N	6.61	dynorphin A-(1-13)	7.8
OPRD_HUMAN	Delta opioid receptor                             	P41143	GPCR	Ki	MORPHINE	MORPHINE  	BQJCRHHNABKAKU-KBQPJGBKSA-N	6.61	dynorphin A	7.4
OPRK_HUMAN	Kappa opioid receptor                             	P41145	GPCR	Ki	MORPHINE	MORPHINE  	BQJCRHHNABKAKU-KBQPJGBKSA-N	7.1	&beta;-endorphin	7.9
OPRK_HUMAN	Kappa opioid receptor                             	P41145	GPCR	Ki	MORPHINE	MORPHINE  	BQJCRHHNABKAKU-KBQPJGBKSA-N	7.1	&beta;-neoendorphin	7.9
OPRK_HUMAN	Kappa opioid receptor                             	P41145	GPCR	Ki	MORPHINE	MORPHINE  	BQJCRHHNABKAKU-KBQPJGBKSA-N	7.1	dynorphin A-(1-13)	10.7
OPRK_HUMAN	Kappa opioid receptor                             	P41145	GPCR	Ki	MORPHINE	MORPHINE  	BQJCRHHNABKAKU-KBQPJGBKSA-N	7.1	dynorphin A	10.8
OPRK_HUMAN	Kappa opioid receptor                             	P41145	GPCR	Ki	MORPHINE	MORPHINE  	BQJCRHHNABKAKU-KBQPJGBKSA-N	7.1	dynorphin A-(1-8)	9.9
OPRK_HUMAN	Kappa opioid receptor                             	P41145	GPCR	Ki	MORPHINE	MORPHINE  	BQJCRHHNABKAKU-KBQPJGBKSA-N	7.1	dynorphin B	9.9
OPRK_HUMAN	Kappa opioid receptor                             	P41145	GPCR	Ki	MORPHINE	MORPHINE  	BQJCRHHNABKAKU-KBQPJGBKSA-N	7.1	&alpha;-neoendorphin	10.2
DRD1_HUMAN	Dopamine D1 receptor                              	P21728	GPCR	Ki	SCOULERINE|(-)-SCOULERINE	SCOULERINE	KNWVMRVOBAFFMH-HNNXBMFYSA-N	7.66	dopamine	5.6
DRD2_HUMAN	Dopamine D2 receptor                              	P14416	GPCR	Ki	SCOULERINE|(-)-SCOULERINE	SCOULERINE	KNWVMRVOBAFFMH-HNNXBMFYSA-N	6.67	dopamine	7.2
OPRM_HUMAN	Mu opioid receptor                                	P35372	GPCR	Ki	CODEINONE|(-)-CODEINONE	CODEINONE 	XYYVYLMBEZUESM-CMKMFDCUSA-N	6.34	[Leu]enkephalin	8.1
OPRM_HUMAN	Mu opioid receptor                                	P35372	GPCR	Ki	CODEINONE|(-)-CODEINONE	CODEINONE 	XYYVYLMBEZUESM-CMKMFDCUSA-N	6.34	dynorphin A-(1-13)	8.3
OPRM_HUMAN	Mu opioid receptor                                	P35372	GPCR	Ki	CODEINONE|(-)-CODEINONE	CODEINONE 	XYYVYLMBEZUESM-CMKMFDCUSA-N	6.34	dynorphin A	8.1
OPRM_HUMAN	Mu opioid receptor                                	P35372	GPCR	Ki	CODEINONE|(-)-CODEINONE	CODEINONE 	XYYVYLMBEZUESM-CMKMFDCUSA-N	6.34	dynorphin A-(1-8)	8.4
OPRM_HUMAN	Mu opioid receptor                                	P35372	GPCR	Ki	CODEINONE|(-)-CODEINONE	CODEINONE 	XYYVYLMBEZUESM-CMKMFDCUSA-N	6.34	dynorphin B	8.5
