UniProtKB	Protein	Accession	Class	Units	FC	InChIKey	Affinity.FC	Metabolite	Affinity.metabolite
ESR2_HUMAN	Estrogen receptor beta                            	Q92731	Nuclear hormone receptor	Ki	ESTRADIOL 	VOXZDWNPVJITMN-ZBRFXRBCSA-N	9.59	17&beta;-estradiol	9.34
ESR2_HUMAN	Estrogen receptor beta                            	Q92731	Nuclear hormone receptor	Ki	GENISTEIN 	TZBJGXHYKVUXJN-UHFFFAOYSA-N	8.42	17&beta;-estradiol	9.34
ESR2_HUMAN	Estrogen receptor beta                            	Q92731	Nuclear hormone receptor	Ki	DAIDZEIN  	ZQSIJRDFPHDXIC-UHFFFAOYSA-N	6.52	17&beta;-estradiol	9.34
ESR2_HUMAN	Estrogen receptor beta                            	Q92731	Nuclear hormone receptor	Ki	EMODIN    	RHMXXJGYXNZAPX-UHFFFAOYSA-N	5.82	17&beta;-estradiol	9.34
5HT2C_HUMAN	Serotonin 2c (5-HT2c) receptor                    	P28335	GPCR	Ki	SEROTONIN 	QZAYGJVTTNCVMB-UHFFFAOYSA-N	7.42	5-hydroxytryptamine	8.6
5HT2C_HUMAN	Serotonin 2c (5-HT2c) receptor                    	P28335	GPCR	Ki	TRYPTAMINE	APJYDQYYACXCRM-UHFFFAOYSA-N	7.3	5-hydroxytryptamine	8.6
5HT2C_HUMAN	Serotonin 2c (5-HT2c) receptor                    	P28335	GPCR	Ki	None      	ASUSBMNYRHGZIG-UHFFFAOYSA-N	6.55	5-hydroxytryptamine	8.6
5HT2C_HUMAN	Serotonin 2c (5-HT2c) receptor                    	P28335	GPCR	Ki	TRIOXSALEN	FMHHVULEAZTJMA-UHFFFAOYSA-N	5.91	5-hydroxytryptamine	8.6
5HT2C_HUMAN	Serotonin 2c (5-HT2c) receptor                    	P28335	GPCR	Ki	None      	CWOYLIJQLSNRRN-UHFFFAOYSA-N	5.73	5-hydroxytryptamine	8.6
5HT2C_HUMAN	Serotonin 2c (5-HT2c) receptor                    	P28335	GPCR	Ki	AMENTOFLAVONE	YUSWMAULDXZHPY-UHFFFAOYSA-N	5.59	5-hydroxytryptamine	8.6
5HT2C_HUMAN	Serotonin 2c (5-HT2c) receptor                    	P28335	GPCR	Ki	HARMINE   	BXNJHAXVSOCGBA-UHFFFAOYSA-N	5.03	5-hydroxytryptamine	8.6
5HT2C_HUMAN	Serotonin 2c (5-HT2c) receptor                    	P28335	GPCR	Ki	GENISTEIN 	TZBJGXHYKVUXJN-UHFFFAOYSA-N	5.11	5-hydroxytryptamine	8.6
MTR1A_HUMAN	Melatonin receptor 1A                             	P48039	GPCR	Ki	MELATONIN 	DRLFMBDRBRZALE-UHFFFAOYSA-N	9.6	melatonin	9.7
MTR1B_HUMAN	Melatonin receptor 1B                             	P49286	GPCR	Ki	MELATONIN 	DRLFMBDRBRZALE-UHFFFAOYSA-N	9.46	melatonin	9.8
ADA2B_HUMAN	Alpha-2b adrenergic receptor                      	P18089	GPCR	Ki	HARMINE   	BXNJHAXVSOCGBA-UHFFFAOYSA-N	5.95	(-)-noradrenaline	6.0
ADA2B_HUMAN	Alpha-2b adrenergic receptor                      	P18089	GPCR	Ki	HARMINE   	BXNJHAXVSOCGBA-UHFFFAOYSA-N	5.95	(-)-adrenaline	5.2
5HT2B_HUMAN	Serotonin 2b (5-HT2b) receptor                    	P41595	GPCR	Ki	SEROTONIN 	QZAYGJVTTNCVMB-UHFFFAOYSA-N	7.9	5-hydroxytryptamine	8.4
5HT2B_HUMAN	Serotonin 2b (5-HT2b) receptor                    	P41595	GPCR	Ki	ESTRONE   	DNXHEGUUPJUMQT-CBZIJGRNSA-N	5.06	5-hydroxytryptamine	8.4
ESR1_HUMAN	Estrogen receptor alpha                           	P03372	Nuclear hormone receptor	Ki	ESTRADIOL 	VOXZDWNPVJITMN-ZBRFXRBCSA-N	9.25	17&beta;-estradiol	9.82
ESR1_HUMAN	Estrogen receptor alpha                           	P03372	Nuclear hormone receptor	Ki	ETHINYL ESTRADIOL	BFPYWIDHMRZLRN-SLHNCBLASA-N	9.89	17&beta;-estradiol	9.82
ESR1_HUMAN	Estrogen receptor alpha                           	P03372	Nuclear hormone receptor	Ki	ESTRONE   	DNXHEGUUPJUMQT-CBZIJGRNSA-N	8.66	17&beta;-estradiol	9.82
ESR1_HUMAN	Estrogen receptor alpha                           	P03372	Nuclear hormone receptor	Ki	GENISTEIN 	TZBJGXHYKVUXJN-UHFFFAOYSA-N	6.92	17&beta;-estradiol	9.82
ESR1_HUMAN	Estrogen receptor alpha                           	P03372	Nuclear hormone receptor	Ki	RESVERATROL	LUKBXSAWLPMMSZ-OWOJBTEDSA-N	6.11	17&beta;-estradiol	9.82
ESR1_HUMAN	Estrogen receptor alpha                           	P03372	Nuclear hormone receptor	Ki	EMODIN    	RHMXXJGYXNZAPX-UHFFFAOYSA-N	6.11	17&beta;-estradiol	9.82
ESR1_HUMAN	Estrogen receptor alpha                           	P03372	Nuclear hormone receptor	Ki	DAIDZEIN  	ZQSIJRDFPHDXIC-UHFFFAOYSA-N	5.75	17&beta;-estradiol	9.82
5HT1A_HUMAN	Serotonin 1a (5-HT1a) receptor                    	P08908	GPCR	Ki	OXITRIPTAN	LDCYZAJDBXYCGN-VIFPVBQESA-N	8.89	5-hydroxytryptamine	9.7
5HT1A_HUMAN	Serotonin 1a (5-HT1a) receptor                    	P08908	GPCR	Ki	SEROTONIN 	QZAYGJVTTNCVMB-UHFFFAOYSA-N	8.38	5-hydroxytryptamine	9.7
5HT1A_HUMAN	Serotonin 1a (5-HT1a) receptor                    	P08908	GPCR	Ki	None      	FADFGCOCHHNRHF-VAWYXSNFSA-N	5.23	5-hydroxytryptamine	9.7
5HT1A_HUMAN	Serotonin 1a (5-HT1a) receptor                    	P08908	GPCR	Ki	None      	LGZSMXJRMTYABD-MDZDMXLPSA-N	4.88	5-hydroxytryptamine	9.7
5HT1A_HUMAN	Serotonin 1a (5-HT1a) receptor                    	P08908	GPCR	Ki	SHOGAOL   	OQWKEEOHDMUXEO-BQYQJAHWSA-N	4.74	5-hydroxytryptamine	9.7
5HT7R_HUMAN	Serotonin 7 (5-HT7) receptor                      	P34969	GPCR	Ki	SEROTONIN 	QZAYGJVTTNCVMB-UHFFFAOYSA-N	8.98	5-hydroxytryptamine	9.6
5HT7R_HUMAN	Serotonin 7 (5-HT7) receptor                      	P34969	GPCR	Ki	OXITRIPTAN	LDCYZAJDBXYCGN-VIFPVBQESA-N	8.67	5-hydroxytryptamine	9.6
5HT7R_HUMAN	Serotonin 7 (5-HT7) receptor                      	P34969	GPCR	Ki	None      	CWOYLIJQLSNRRN-UHFFFAOYSA-N	6.55	5-hydroxytryptamine	9.6
5HT7R_HUMAN	Serotonin 7 (5-HT7) receptor                      	P34969	GPCR	Ki	HARMINE   	BXNJHAXVSOCGBA-UHFFFAOYSA-N	5.26	5-hydroxytryptamine	9.6
PRGR_HUMAN	Progesterone receptor                             	P06401	Nuclear hormone receptor	EC50	PROGESTERONE	RJKFOVLPORLFTN-LEKSSAKUSA-N	8.76	progesterone	8.82
5HT1D_HUMAN	Serotonin 1d (5-HT1d) receptor                    	P28221	GPCR	Ki	SEROTONIN 	QZAYGJVTTNCVMB-UHFFFAOYSA-N	8.56	5-hydroxytryptamine	9.0
5HT1D_HUMAN	Serotonin 1d (5-HT1d) receptor                    	P28221	GPCR	Ki	TRYPTAMINE	APJYDQYYACXCRM-UHFFFAOYSA-N	7.42	5-hydroxytryptamine	9.0
ACM3_HUMAN	Muscarinic acetylcholine receptor M3              	P20309	GPCR	Ki	ACETYLCHOLINE	OIPILFWXSMYKGL-UHFFFAOYSA-N	5.15	acetylcholine	5.4
ACM3_HUMAN	Muscarinic acetylcholine receptor                 	P20309	GPCR	Ki	ARECOLINE 	HJJPJSXJAXAIPN-UHFFFAOYSA-N	4.8	acetylcholine	5.4
DRD2_HUMAN	Dopamine D2 receptor                              	P14416	GPCR	Ki	None      	WZRCQWQRFZITDX-UHFFFAOYSA-N	5.41	dopamine	7.2
DRD2_HUMAN	Dopamine D2 receptor                              	P14416	GPCR	Ki	None      	IBRKLUSXDYATLG-UHFFFAOYSA-N	5.27	dopamine	7.2
DRD3_HUMAN	Dopamine D3 receptor                              	P35462	GPCR	Ki	HYPERICIN 	BTXNYTINYBABQR-UHFFFAOYSA-N	7.46	dopamine	7.3
DRD3_HUMAN	Dopamine D3 receptor                              	P35462	GPCR	Ki	AMENTOFLAVONE	YUSWMAULDXZHPY-UHFFFAOYSA-N	5.91	dopamine	7.3
5HT2A_HUMAN	Serotonin 2a (5-HT2a) receptor                    	P28223	GPCR	Ki	SEROTONIN 	QZAYGJVTTNCVMB-UHFFFAOYSA-N	6.98	5-hydroxytryptamine	8.4
5HT2A_HUMAN	Serotonin 2a (5-HT2a) receptor                    	P28223	GPCR	Ki	GENISTEIN 	TZBJGXHYKVUXJN-UHFFFAOYSA-N	5.52	5-hydroxytryptamine	8.4
5HT2A_HUMAN	Serotonin 2a (5-HT2a) receptor                    	P28223	GPCR	Ki	PHENETHYLAMINE	BHHGXPLMPWCGHP-UHFFFAOYSA-N	4.78	5-hydroxytryptamine	8.4
5HT1B_HUMAN	Serotonin 1b (5-HT1b) receptor                    	P28222	GPCR	Ki	SEROTONIN 	QZAYGJVTTNCVMB-UHFFFAOYSA-N	8.26	5-hydroxytryptamine	9.0
5HT1B_HUMAN	Serotonin 1b (5-HT1b) receptor                    	P28222	GPCR	Ki	TRYPTAMINE	APJYDQYYACXCRM-UHFFFAOYSA-N	7.44	5-hydroxytryptamine	9.0
MCR_HUMAN	Mineralocorticoid receptor                        	P08235	Nuclear hormone receptor	IC50	PROGESTERONE	RJKFOVLPORLFTN-LEKSSAKUSA-N	7.78	cortisol	9.95
MCR_HUMAN	Mineralocorticoid receptor                        	P08235	Nuclear hormone receptor	IC50	PROGESTERONE	RJKFOVLPORLFTN-LEKSSAKUSA-N	7.78	aldosterone	10.0
MCR_HUMAN	Mineralocorticoid receptor                        	P08235	Nuclear hormone receptor	IC50	PROGESTERONE	RJKFOVLPORLFTN-LEKSSAKUSA-N	7.78	progesterone	11.0
OPRD_HUMAN	Delta opioid receptor                             	P41143	GPCR	Ki	AMENTOFLAVONE	YUSWMAULDXZHPY-UHFFFAOYSA-N	7.44	dynorphin A-(1-8)	8.4
OPRD_HUMAN	Delta opioid receptor                             	P41143	GPCR	Ki	AMENTOFLAVONE	YUSWMAULDXZHPY-UHFFFAOYSA-N	7.44	[Leu]enkephalin	8.7
OPRD_HUMAN	Delta opioid receptor                             	P41143	GPCR	Ki	AMENTOFLAVONE	YUSWMAULDXZHPY-UHFFFAOYSA-N	7.44	dynorphin B	7.8
OPRD_HUMAN	Delta opioid receptor                             	P41143	GPCR	Ki	AMENTOFLAVONE	YUSWMAULDXZHPY-UHFFFAOYSA-N	7.44	endomorphin-1	6.1
OPRD_HUMAN	Delta opioid receptor                             	P41143	GPCR	Ki	AMENTOFLAVONE	YUSWMAULDXZHPY-UHFFFAOYSA-N	7.44	&beta;-endorphin	8.3
OPRD_HUMAN	Delta opioid receptor                             	P41143	GPCR	Ki	AMENTOFLAVONE	YUSWMAULDXZHPY-UHFFFAOYSA-N	7.44	dynorphin A-(1-13)	7.8
OPRD_HUMAN	Delta opioid receptor                             	P41143	GPCR	Ki	AMENTOFLAVONE	YUSWMAULDXZHPY-UHFFFAOYSA-N	7.44	dynorphin A	7.4
OPRD_HUMAN	Delta opioid receptor                             	P41143	GPCR	Ki	None      	QEWSAPKRFOFQIU-UHFFFAOYSA-N	5.51	dynorphin A-(1-8)	8.4
OPRD_HUMAN	Delta opioid receptor                             	P41143	GPCR	Ki	None      	QEWSAPKRFOFQIU-UHFFFAOYSA-N	5.51	[Leu]enkephalin	8.7
OPRD_HUMAN	Delta opioid receptor                             	P41143	GPCR	Ki	None      	QEWSAPKRFOFQIU-UHFFFAOYSA-N	5.51	dynorphin B	7.8
OPRD_HUMAN	Delta opioid receptor                             	P41143	GPCR	Ki	None      	QEWSAPKRFOFQIU-UHFFFAOYSA-N	5.51	endomorphin-1	6.1
OPRD_HUMAN	Delta opioid receptor                             	P41143	GPCR	Ki	None      	QEWSAPKRFOFQIU-UHFFFAOYSA-N	5.51	&beta;-endorphin	8.3
OPRD_HUMAN	Delta opioid receptor                             	P41143	GPCR	Ki	None      	QEWSAPKRFOFQIU-UHFFFAOYSA-N	5.51	dynorphin A-(1-13)	7.8
OPRD_HUMAN	Delta opioid receptor                             	P41143	GPCR	Ki	None      	QEWSAPKRFOFQIU-UHFFFAOYSA-N	5.51	dynorphin A	7.4
OPRD_HUMAN	Delta opioid receptor                             	P41143	GPCR	Ki	PECTOLINARIGENIN	GPQLHGCIAUEJQK-UHFFFAOYSA-N	5.08	dynorphin A-(1-8)	8.4
OPRD_HUMAN	Delta opioid receptor                             	P41143	GPCR	Ki	PECTOLINARIGENIN	GPQLHGCIAUEJQK-UHFFFAOYSA-N	5.08	[Leu]enkephalin	8.7
OPRD_HUMAN	Delta opioid receptor                             	P41143	GPCR	Ki	PECTOLINARIGENIN	GPQLHGCIAUEJQK-UHFFFAOYSA-N	5.08	dynorphin B	7.8
OPRD_HUMAN	Delta opioid receptor                             	P41143	GPCR	Ki	PECTOLINARIGENIN	GPQLHGCIAUEJQK-UHFFFAOYSA-N	5.08	endomorphin-1	6.1
OPRD_HUMAN	Delta opioid receptor                             	P41143	GPCR	Ki	PECTOLINARIGENIN	GPQLHGCIAUEJQK-UHFFFAOYSA-N	5.08	&beta;-endorphin	8.3
OPRD_HUMAN	Delta opioid receptor                             	P41143	GPCR	Ki	PECTOLINARIGENIN	GPQLHGCIAUEJQK-UHFFFAOYSA-N	5.08	dynorphin A-(1-13)	7.8
OPRD_HUMAN	Delta opioid receptor                             	P41143	GPCR	Ki	PECTOLINARIGENIN	GPQLHGCIAUEJQK-UHFFFAOYSA-N	5.08	dynorphin A	7.4
ACM5_HUMAN	Muscarinic acetylcholine receptor M5              	P08912	GPCR	Ki	ACETYLCHOLINE	OIPILFWXSMYKGL-UHFFFAOYSA-N	5.01	acetylcholine	6.1
ACM5_HUMAN	Muscarinic acetylcholine receptor M5              	P08912	GPCR	Ki	ARECOLINE 	HJJPJSXJAXAIPN-UHFFFAOYSA-N	4.25	acetylcholine	6.1
GCR_HUMAN	Glucocorticoid receptor                           	P04150	Nuclear hormone receptor	IC50	PROGESTERONE	RJKFOVLPORLFTN-LEKSSAKUSA-N	6.48	cortisol	8.0
GCR_HUMAN	Glucocorticoid receptor                           	P04150	Nuclear hormone receptor	IC50	ETHINYL ESTRADIOL	BFPYWIDHMRZLRN-SLHNCBLASA-N	5.77	cortisol	8.0
GCR_HUMAN	Glucocorticoid receptor                           	P04150	Nuclear hormone receptor	IC50	ESTRADIOL 	VOXZDWNPVJITMN-ZBRFXRBCSA-N	4.38	cortisol	8.0
ACM4_HUMAN	Muscarinic acetylcholine receptor M4              	P08173	GPCR	Ki	ACETYLCHOLINE	OIPILFWXSMYKGL-UHFFFAOYSA-N	5.07	acetylcholine	5.6
ACM4_HUMAN	Muscarinic acetylcholine receptor                 	P08173	GPCR	Ki	ARECOLINE 	HJJPJSXJAXAIPN-UHFFFAOYSA-N	5.76	acetylcholine	5.6
ACM2_HUMAN	Muscarinic acetylcholine receptor M2              	P08172	GPCR	Ki	ACETYLCHOLINE	OIPILFWXSMYKGL-UHFFFAOYSA-N	6.8	acetylcholine	6.5
ACM2_HUMAN	Muscarinic acetylcholine receptor M2              	P08172	GPCR	Ki	ARECOLINE 	HJJPJSXJAXAIPN-UHFFFAOYSA-N	6.69	acetylcholine	6.5
ADA2A_HUMAN	Alpha-2a adrenergic receptor                      	P08913	GPCR	Ki	HARMINE   	BXNJHAXVSOCGBA-UHFFFAOYSA-N	5.59	(-)-adrenaline	7.4
ADA2A_HUMAN	Alpha-2a adrenergic receptor                      	P08913	GPCR	Ki	HARMINE   	BXNJHAXVSOCGBA-UHFFFAOYSA-N	5.59	(-)-noradrenaline	7.4
ADA2A_HUMAN	Alpha-2a adrenergic receptor                      	P08913	GPCR	Ki	RUTIN     	IKGXIBQEEMLURG-NVPNHPEKSA-N	5.03	(-)-adrenaline	7.4
ADA2A_HUMAN	Alpha-2a adrenergic receptor                      	P08913	GPCR	Ki	RUTIN     	IKGXIBQEEMLURG-NVPNHPEKSA-N	5.03	(-)-noradrenaline	7.4
ADA2C_HUMAN	Alpha-2c adrenergic receptor                      	P18825	GPCR	Ki	HARMINE   	BXNJHAXVSOCGBA-UHFFFAOYSA-N	6.09	(-)-adrenaline	5.8
ADA2C_HUMAN	Alpha-2c adrenergic receptor                      	P18825	GPCR	Ki	HARMINE   	BXNJHAXVSOCGBA-UHFFFAOYSA-N	6.09	(-)-noradrenaline	6.8
ADA2C_HUMAN	Alpha-2c adrenergic receptor                      	P18825	GPCR	Ki	RUTIN     	IKGXIBQEEMLURG-NVPNHPEKSA-N	5.02	(-)-adrenaline	5.8
ADA2C_HUMAN	Alpha-2c adrenergic receptor                      	P18825	GPCR	Ki	RUTIN     	IKGXIBQEEMLURG-NVPNHPEKSA-N	5.02	(-)-noradrenaline	6.8
5HT4R_HUMAN	Serotonin 4 (5-HT4) receptor                      	Q13639	GPCR	Ki	SEROTONIN 	QZAYGJVTTNCVMB-UHFFFAOYSA-N	6.69	5-hydroxytryptamine	7.0
TAAR1_HUMAN	Trace amine-associated receptor 1                 	Q96RJ0	GPCR	EC50	PHENETHYLAMINE	BHHGXPLMPWCGHP-UHFFFAOYSA-N	6.94	&beta;-phenylethylamine	7.0
TAAR1_HUMAN	Trace amine-associated receptor 1                 	Q96RJ0	GPCR	EC50	PHENETHYLAMINE	BHHGXPLMPWCGHP-UHFFFAOYSA-N	6.94	tyramine	6.7
TAAR1_HUMAN	Trace amine-associated receptor 1                 	Q96RJ0	GPCR	EC50	None      	SASNBVQSOZSTPD-UHFFFAOYSA-N	6.5	&beta;-phenylethylamine	7.0
TAAR1_HUMAN	Trace amine-associated receptor 1                 	Q96RJ0	GPCR	EC50	None      	SASNBVQSOZSTPD-UHFFFAOYSA-N	6.5	tyramine	6.7
AA1R_HUMAN	Adenosine A1 receptor                             	P30542	GPCR	Ki	GENISTEIN 	TZBJGXHYKVUXJN-UHFFFAOYSA-N	4.93	adenosine	7.0
HCAR2_HUMAN	Hydroxycarboxylic acid receptor 2                 	Q8TDS4	GPCR	EC50	NIACIN    	PVNIIMVLHYAWGP-UHFFFAOYSA-N	6.63	&beta;-D-hydroxybutyric acid	3.1
AA2AR_HUMAN	Adenosine A2a receptor                            	P29274	GPCR	Ki	ADENOSINE 	OIRDTQYFTABQOQ-KQYNXXCUSA-N	7.7	adenosine	6.51
AA2AR_HUMAN	Adenosine A2a receptor                            	P29274	GPCR	Ki	TRIOXSALEN	FMHHVULEAZTJMA-UHFFFAOYSA-N	6.13	adenosine	6.51
AA2AR_HUMAN	Adenosine A2a receptor                            	P29274	GPCR	Ki	GENISTEIN 	TZBJGXHYKVUXJN-UHFFFAOYSA-N	5.01	adenosine	6.51
AA2AR_HUMAN	Adenosine A2a receptor                            	P29274	GPCR	Ki	ETHINYL ESTRADIOL	BFPYWIDHMRZLRN-SLHNCBLASA-N	4.93	adenosine	6.51
AA2AR_HUMAN	Adenosine A2a receptor                            	P29274	GPCR	Ki	GALANGIN  	VCCRNZQBSJXYJD-UHFFFAOYSA-N	4.67	adenosine	6.51
ACM1_HUMAN	Muscarinic acetylcholine receptor M1              	P11229	GPCR	Ki	ACETYLCHOLINE	OIPILFWXSMYKGL-UHFFFAOYSA-N	4.88	acetylcholine	4.9
ACM1_HUMAN	Muscarinic acetylcholine receptor M1              	P11229	GPCR	Ki	ARECOLINE 	HJJPJSXJAXAIPN-UHFFFAOYSA-N	5.64	acetylcholine	4.9
OPRM_HUMAN	Mu opioid receptor                                	P35372	GPCR	Ki	ETHINYL ESTRADIOL	BFPYWIDHMRZLRN-SLHNCBLASA-N	4.96	[Leu]enkephalin	8.1
OPRM_HUMAN	Mu opioid receptor                                	P35372	GPCR	Ki	ETHINYL ESTRADIOL	BFPYWIDHMRZLRN-SLHNCBLASA-N	4.96	dynorphin A-(1-13)	8.3
OPRM_HUMAN	Mu opioid receptor                                	P35372	GPCR	Ki	ETHINYL ESTRADIOL	BFPYWIDHMRZLRN-SLHNCBLASA-N	4.96	dynorphin A	8.1
OPRM_HUMAN	Mu opioid receptor                                	P35372	GPCR	Ki	ETHINYL ESTRADIOL	BFPYWIDHMRZLRN-SLHNCBLASA-N	4.96	dynorphin A-(1-8)	8.4
OPRM_HUMAN	Mu opioid receptor                                	P35372	GPCR	Ki	ETHINYL ESTRADIOL	BFPYWIDHMRZLRN-SLHNCBLASA-N	4.96	dynorphin B	8.5
OPRK_HUMAN	Kappa opioid receptor                             	P41145	GPCR	Ki	ETHINYL ESTRADIOL	BFPYWIDHMRZLRN-SLHNCBLASA-N	4.99	&beta;-endorphin	7.9
OPRK_HUMAN	Kappa opioid receptor                             	P41145	GPCR	Ki	ETHINYL ESTRADIOL	BFPYWIDHMRZLRN-SLHNCBLASA-N	4.99	&beta;-neoendorphin	7.9
OPRK_HUMAN	Kappa opioid receptor                             	P41145	GPCR	Ki	ETHINYL ESTRADIOL	BFPYWIDHMRZLRN-SLHNCBLASA-N	4.99	dynorphin A-(1-13)	10.7
OPRK_HUMAN	Kappa opioid receptor                             	P41145	GPCR	Ki	ETHINYL ESTRADIOL	BFPYWIDHMRZLRN-SLHNCBLASA-N	4.99	dynorphin A	10.8
OPRK_HUMAN	Kappa opioid receptor                             	P41145	GPCR	Ki	ETHINYL ESTRADIOL	BFPYWIDHMRZLRN-SLHNCBLASA-N	4.99	dynorphin A-(1-8)	9.9
OPRK_HUMAN	Kappa opioid receptor                             	P41145	GPCR	Ki	ETHINYL ESTRADIOL	BFPYWIDHMRZLRN-SLHNCBLASA-N	4.99	dynorphin B	9.9
OPRK_HUMAN	Kappa opioid receptor                             	P41145	GPCR	Ki	ETHINYL ESTRADIOL	BFPYWIDHMRZLRN-SLHNCBLASA-N	4.99	&alpha;-neoendorphin	10.2
P2RY2_HUMAN	Purinergic receptor P2Y2                          	P41231	GPCR	EC50	URIDINE DIPHOSPHATE GLUCOSE	HSCJRCZFDFQWRP-JZMIEXBBSA-N	5.0	uridine triphosphate	8.1
P2RY2_HUMAN	Purinergic receptor P2Y2                          	P41231	GPCR	EC50	URIDINE DIPHOSPHATE GLUCOSE	HSCJRCZFDFQWRP-JZMIEXBBSA-N	5.0	ATP	7.1
P2RY2_HUMAN	Purinergic receptor P2Y2                          	P41231	GPCR	EC50	URIDINE_DIPHOSPHATE	XCCTYIAWTASOJW-XVFCMESISA-N	4.78	uridine triphosphate	8.1
P2RY2_HUMAN	Purinergic receptor P2Y2                          	P41231	GPCR	EC50	URIDINE_DIPHOSPHATE	XCCTYIAWTASOJW-XVFCMESISA-N	4.78	ATP	7.1
