	UniProtKB	Protein	Accession	Class	Units	Drug	Action	Affinity.drug	Source.drug	Metabolite	Affinity.metabolite	Source.metabolite	InChIKey
0	5HT1A_HUMAN	5-hydroxytryptamine receptor 1A	P08908	GPCR	Ki	aripiprazole	PARTIAL AGONIST	8.15	drugcentral	5-hydroxytryptamine	9.7	gtopdb	CEUORZQYGODEFX-UHFFFAOYSA-N
1	5HT2A_HUMAN	5-hydroxytryptamine receptor 2A	P28223	GPCR	Ki	aripiprazole	ANTAGONIST	7.9	drugcentral	5-hydroxytryptamine	8.4	gtopdb	CEUORZQYGODEFX-UHFFFAOYSA-N
2	DRD2_HUMAN	D(2) dopamine receptor	P14416	GPCR	Ki	aripiprazole	PARTIAL AGONIST	8.71	drugcentral	dopamine	7.2	gtopdb	CEUORZQYGODEFX-UHFFFAOYSA-N
3	5HT1A_HUMAN	5-hydroxytryptamine receptor 1A	P08908	GPCR	Ki	aripiprazole lauroxil	PARTIAL AGONIST	8.77	drugcentral	5-hydroxytryptamine	9.7	gtopdb	DDINXHAORAAYAD-UHFFFAOYSA-N
4	5HT2A_HUMAN	5-hydroxytryptamine receptor 2A	P28223	GPCR	Ki	aripiprazole lauroxil	ANTAGONIST	8.47	drugcentral	5-hydroxytryptamine	8.4	gtopdb	DDINXHAORAAYAD-UHFFFAOYSA-N
5	DRD2_HUMAN	D(2) dopamine receptor	P14416	GPCR	Ki	aripiprazole lauroxil	PARTIAL AGONIST	9.47	drugcentral	dopamine	7.2	gtopdb	DDINXHAORAAYAD-UHFFFAOYSA-N
6	5HT1A_HUMAN	5-hydroxytryptamine receptor 1A	P08908	GPCR	Ki	brexpiprazole	AGONIST	9.92	drugcentral	5-hydroxytryptamine	9.7	gtopdb	ZKIAIYBUSXZPLP-UHFFFAOYSA-N
7	5HT2A_HUMAN	5-hydroxytryptamine receptor 2A	P28223	GPCR	Ki	brexpiprazole	ANTAGONIST	9.33	drugcentral	5-hydroxytryptamine	8.4	gtopdb	ZKIAIYBUSXZPLP-UHFFFAOYSA-N
8	DRD2_HUMAN	D(2) dopamine receptor	P14416	GPCR	Ki	brexpiprazole	AGONIST	9.52	drugcentral	dopamine	7.2	gtopdb	ZKIAIYBUSXZPLP-UHFFFAOYSA-N
9	5HT1A_HUMAN	5-hydroxytryptamine receptor 1A	P08908	GPCR	Ki	cariprazine	PARTIAL AGONIST	8.59	drugcentral	5-hydroxytryptamine	9.7	gtopdb	KPWSJANDNDDRMB-QAQDUYKDSA-N
10	5HT2A_HUMAN	5-hydroxytryptamine receptor 2A	P28223	GPCR	Ki	cariprazine	ANTAGONIST	7.73	drugcentral	5-hydroxytryptamine	8.4	gtopdb	KPWSJANDNDDRMB-QAQDUYKDSA-N
11	DRD2_HUMAN	D(2) dopamine receptor	P14416	GPCR	Ki	cariprazine	PARTIAL AGONIST	9.31	drugcentral	dopamine	7.2	gtopdb	KPWSJANDNDDRMB-QAQDUYKDSA-N
12	5HT1A_HUMAN	5-hydroxytryptamine receptor 1A	P08908	GPCR	Ki	flibanserin	AGONIST	9.0	drugcentral	5-hydroxytryptamine	9.7	gtopdb	PPRRDFIXUUSXRA-UHFFFAOYSA-N
13	5HT2A_HUMAN	5-hydroxytryptamine receptor 2A	P28223	GPCR	Ki	flibanserin	ANTAGONIST	7.31	drugcentral	5-hydroxytryptamine	8.4	gtopdb	PPRRDFIXUUSXRA-UHFFFAOYSA-N
14	5HT1A_HUMAN	5-hydroxytryptamine receptor 1A	P08908	GPCR	Ki	vortioxetine	AGONIST	7.82	drugcentral	5-hydroxytryptamine	9.7	gtopdb	YQNWZWMKLDQSAC-UHFFFAOYSA-N
15	5HT1B_HUMAN	5-hydroxytryptamine receptor 1B	P28222	GPCR	Ki	vortioxetine	AGONIST	7.48	drugcentral	5-hydroxytryptamine	9.0	gtopdb	YQNWZWMKLDQSAC-UHFFFAOYSA-N
16	5HT1D_HUMAN	5-hydroxytryptamine receptor 1D	P28221	GPCR	Ki	vortioxetine	ANTAGONIST	7.27	drugcentral	5-hydroxytryptamine	9.0	gtopdb	YQNWZWMKLDQSAC-UHFFFAOYSA-N
17	5HT7R_HUMAN	5-hydroxytryptamine receptor 7	P34969	GPCR	Ki	vortioxetine	ANTAGONIST	7.72	drugcentral	5-hydroxytryptamine	9.6	gtopdb	YQNWZWMKLDQSAC-UHFFFAOYSA-N
18	5HT1B_HUMAN	5-hydroxytryptamine receptor 1B	P28222	GPCR	Ki	almotriptan	AGONIST	8.0	drugcentral	5-hydroxytryptamine	9.0	gtopdb	WKEMJKQOLOHJLZ-UHFFFAOYSA-N
19	5HT1D_HUMAN	5-hydroxytryptamine receptor 1D	P28221	GPCR	Ki	almotriptan	AGONIST	7.5	drugcentral	5-hydroxytryptamine	9.0	gtopdb	WKEMJKQOLOHJLZ-UHFFFAOYSA-N
20	5HT1B_HUMAN	5-hydroxytryptamine receptor 1B	P28222	GPCR	Kd	eletriptan	AGONIST	8.52	drugcentral	5-hydroxytryptamine	8.4	gtopdb	PWVXXGRKLHYWKM-LJQANCHMSA-N
21	5HT1B_HUMAN	5-hydroxytryptamine receptor 1B	P28222	GPCR	Ki	frovatriptan	AGONIST	7.99	drugcentral	5-hydroxytryptamine	9.0	gtopdb	XPSQPHWEGNHMSK-SECBINFHSA-N
22	5HT1D_HUMAN	5-hydroxytryptamine receptor 1D	P28221	GPCR	Ki	frovatriptan	AGONIST	8.36	drugcentral	5-hydroxytryptamine	9.0	gtopdb	XPSQPHWEGNHMSK-SECBINFHSA-N
23	5HT1B_HUMAN	5-hydroxytryptamine receptor 1B	P28222	GPCR	Ki	naratriptan	AGONIST	8.48	drugcentral	5-hydroxytryptamine	9.0	gtopdb	AMKVXSZCKVJAGH-UHFFFAOYSA-N
24	5HT1B_HUMAN	5-hydroxytryptamine receptor 1B	P28222	GPCR	Ki	rizatriptan	AGONIST	6.9	drugcentral	5-hydroxytryptamine	9.0	gtopdb	ULFRLSNUDGIQQP-UHFFFAOYSA-N
25	5HT1D_HUMAN	5-hydroxytryptamine receptor 1D	P28221	GPCR	Ki	rizatriptan	AGONIST	7.9	drugcentral	5-hydroxytryptamine	9.0	gtopdb	ULFRLSNUDGIQQP-UHFFFAOYSA-N
26	5HT1B_HUMAN	5-hydroxytryptamine receptor 1B	P28222	GPCR	Ki	sumatriptan	AGONIST	8.26	drugcentral	5-hydroxytryptamine	9.0	gtopdb	KQKPFRSPSRPDEB-UHFFFAOYSA-N
27	5HT1D_HUMAN	5-hydroxytryptamine receptor 1D	P28221	GPCR	Ki	sumatriptan	AGONIST	8.92	drugcentral	5-hydroxytryptamine	9.0	gtopdb	KQKPFRSPSRPDEB-UHFFFAOYSA-N
28	5HT1B_HUMAN	5-hydroxytryptamine receptor 1B	P28222	GPCR	Ki	zolmitriptan	AGONIST	7.7	drugcentral	5-hydroxytryptamine	9.0	gtopdb	ULSDMUVEXKOYBU-ZDUSSCGKSA-N
29	5HT1D_HUMAN	5-hydroxytryptamine receptor 1D	P28221	GPCR	Ki	zolmitriptan	AGONIST	8.9	drugcentral	5-hydroxytryptamine	9.0	gtopdb	ULSDMUVEXKOYBU-ZDUSSCGKSA-N
30	5HT1D_HUMAN	5-hydroxytryptamine receptor 1D	P28221	GPCR	Ki	dihydroergotamine	AGONIST	9.55	drugcentral	5-hydroxytryptamine	9.0	gtopdb	LUZRJRNZXALNLM-JGRZULCMSA-N
31	5HT1D_HUMAN	5-hydroxytryptamine receptor 1D	P28221	GPCR	Ki	ergotamine	AGONIST	9.1	drugcentral	5-hydroxytryptamine	9.0	gtopdb	XCGSFFUVFURLIX-VFGNJEKYSA-N
32	5HT2A_HUMAN	5-hydroxytryptamine receptor 2A	P28223	GPCR	Ki	asenapine	ANTAGONIST	9.61	drugcentral	5-hydroxytryptamine	8.4	gtopdb	VSWBSWWIRNCQIJ-UHFFFAOYSA-N
33	DRD2_HUMAN	D(2) dopamine receptor	P14416	GPCR	Ki	asenapine	ANTAGONIST	8.75	drugcentral	dopamine	7.2	gtopdb	VSWBSWWIRNCQIJ-UHFFFAOYSA-N
34	5HT2A_HUMAN	5-hydroxytryptamine receptor 2A	P28223	GPCR	Ki	blonanserin	ANTAGONIST	9.09	drugcentral	5-hydroxytryptamine	8.4	gtopdb	XVGOZDAJGBALKS-UHFFFAOYSA-N
35	DRD2_HUMAN	D(2) dopamine receptor	P14416	GPCR	Ki	blonanserin	ANTAGONIST	9.85	drugcentral	dopamine	7.2	gtopdb	XVGOZDAJGBALKS-UHFFFAOYSA-N
36	5HT2A_HUMAN	5-hydroxytryptamine receptor 2A	P28223	GPCR	Ki	clozapine	ANTAGONIST	8.3	drugcentral	5-hydroxytryptamine	8.4	gtopdb	QZUDBNBUXVUHMW-UHFFFAOYSA-N
37	DRD2_HUMAN	D(2) dopamine receptor	P14416	GPCR	Ki	clozapine	ANTAGONIST	6.86	drugcentral	dopamine	7.2	gtopdb	QZUDBNBUXVUHMW-UHFFFAOYSA-N
38	5HT2A_HUMAN	5-hydroxytryptamine receptor 2A	P28223	GPCR	Ki	cyclobenzaprine	ANTAGONIST	7.54	drugcentral	5-hydroxytryptamine	8.4	gtopdb	JURKNVYFZMSNLP-UHFFFAOYSA-N
39	5HT2A_HUMAN	5-hydroxytryptamine receptor 2A	P28223	GPCR	Ki	droperidol	ANTAGONIST	9.13	drugcentral	5-hydroxytryptamine	8.4	gtopdb	RMEDXOLNCUSCGS-UHFFFAOYSA-N
40	DRD2_HUMAN	D(2) dopamine receptor	P14416	GPCR	Ki	droperidol	ANTAGONIST	9.6	drugcentral	dopamine	7.2	gtopdb	RMEDXOLNCUSCGS-UHFFFAOYSA-N
41	5HT2A_HUMAN	5-hydroxytryptamine receptor 2A	P28223	GPCR	Ki	iloperidone	ANTAGONIST	9.86	drugcentral	5-hydroxytryptamine	8.4	gtopdb	XMXHEBAFVSFQEX-UHFFFAOYSA-N
42	DRD2_HUMAN	D(2) dopamine receptor	P14416	GPCR	Ki	iloperidone	ANTAGONIST	8.97	drugcentral	dopamine	7.2	gtopdb	XMXHEBAFVSFQEX-UHFFFAOYSA-N
43	5HT2A_HUMAN	5-hydroxytryptamine receptor 2A	P28223	GPCR	Ki	loxapine	ANTAGONIST	8.62	drugcentral	5-hydroxytryptamine	8.4	gtopdb	XJGVXQDUIWGIRW-UHFFFAOYSA-N
44	DRD2_HUMAN	D(2) dopamine receptor	P14416	GPCR	Ki	loxapine	ANTAGONIST	7.68	drugcentral	dopamine	7.2	gtopdb	XJGVXQDUIWGIRW-UHFFFAOYSA-N
45	5HT2A_HUMAN	5-hydroxytryptamine receptor 2A	P28223	GPCR	Ki	lurasidone	ANTAGONIST	9.33	drugcentral	5-hydroxytryptamine	8.4	gtopdb	PQXKDMSYBGKCJA-CVTJIBDQSA-N
46	DRD2_HUMAN	D(2) dopamine receptor	P14416	GPCR	Ki	lurasidone	ANTAGONIST	9.0	drugcentral	dopamine	7.2	gtopdb	PQXKDMSYBGKCJA-CVTJIBDQSA-N
47	5HT2A_HUMAN	5-hydroxytryptamine receptor 2A	P28223	GPCR	Ki	mesoridazine	ANTAGONIST	8.12	drugcentral	5-hydroxytryptamine	8.4	gtopdb	SLVMESMUVMCQIY-UHFFFAOYSA-N
48	DRD2_HUMAN	D(2) dopamine receptor	P14416	GPCR	Ki	mesoridazine	ANTAGONIST	7.72	drugcentral	dopamine	7.2	gtopdb	SLVMESMUVMCQIY-UHFFFAOYSA-N
49	5HT2A_HUMAN	5-hydroxytryptamine receptor 2A	P28223	GPCR	Ki	mianserin	ANTAGONIST	8.17	drugcentral	5-hydroxytryptamine	8.4	gtopdb	UEQUQVLFIPOEMF-UHFFFAOYSA-N
50	5HT2B_HUMAN	5-hydroxytryptamine receptor 2B	P41595	GPCR	Ki	mianserin	ANTAGONIST	8.12	drugcentral	5-hydroxytryptamine	8.4	gtopdb	UEQUQVLFIPOEMF-UHFFFAOYSA-N
51	5HT2C_HUMAN	5-hydroxytryptamine receptor 2C	P28335	GPCR	Ki	mianserin	ANTAGONIST	8.52	drugcentral	5-hydroxytryptamine	8.6	gtopdb	UEQUQVLFIPOEMF-UHFFFAOYSA-N
52	5HT2A_HUMAN	5-hydroxytryptamine receptor 2A	P28223	GPCR	Ki	mirtazapine	ANTAGONIST	7.16	drugcentral	5-hydroxytryptamine	8.4	gtopdb	RONZAEMNMFQXRA-UHFFFAOYSA-N
53	5HT2C_HUMAN	5-hydroxytryptamine receptor 2C	P28335	GPCR	Ki	mirtazapine	ANTAGONIST	7.41	drugcentral	5-hydroxytryptamine	8.6	gtopdb	RONZAEMNMFQXRA-UHFFFAOYSA-N
54	5HT2A_HUMAN	5-hydroxytryptamine receptor 2A	P28223	GPCR	Ki	molindone	ANTAGONIST	6.5	drugcentral	5-hydroxytryptamine	8.4	gtopdb	KLPWJLBORRMFGK-UHFFFAOYSA-N
55	5HT2A_HUMAN	5-hydroxytryptamine receptor 2A	P28223	GPCR	Ki	nefazodone	ANTAGONIST	8.0	drugcentral	5-hydroxytryptamine	8.4	gtopdb	VRBKIVRKKCLPHA-UHFFFAOYSA-N
56	5HT2A_HUMAN	5-hydroxytryptamine receptor 2A	P28223	GPCR	Ki	olanzapine	ANTAGONIST	8.32	drugcentral	5-hydroxytryptamine	8.4	gtopdb	KVWDHTXUZHCGIO-UHFFFAOYSA-N
57	DRD2_HUMAN	D(2) dopamine receptor	P14416	GPCR	Ki	olanzapine	ANTAGONIST	8.52	drugcentral	dopamine	7.2	gtopdb	KVWDHTXUZHCGIO-UHFFFAOYSA-N
58	5HT2A_HUMAN	5-hydroxytryptamine receptor 2A	P28223	GPCR	Ki	paliperidone	ANTAGONIST	8.96	drugcentral	5-hydroxytryptamine	8.4	gtopdb	PMXMIIMHBWHSKN-UHFFFAOYSA-N
59	DRD2_HUMAN	D(2) dopamine receptor	P14416	GPCR	Ki	paliperidone	ANTAGONIST	8.47	drugcentral	dopamine	7.2	gtopdb	PMXMIIMHBWHSKN-UHFFFAOYSA-N
60	5HT2A_HUMAN	5-hydroxytryptamine receptor 2A	P28223	GPCR	Ki	pimavanserin	INVERSE AGONIST	9.3	drugcentral	5-hydroxytryptamine	8.4	gtopdb	RKEWSXXUOLRFBX-UHFFFAOYSA-N
61	5HT2A_HUMAN	5-hydroxytryptamine receptor 2A	P28223	GPCR	Ki	promazine	ANTAGONIST	7.8	drugcentral	5-hydroxytryptamine	8.4	gtopdb	ZGUGWUXLJSTTMA-UHFFFAOYSA-N
62	DRD2_HUMAN	D(2) dopamine receptor	P14416	GPCR	Ki	promazine	ANTAGONIST	6.7	drugcentral	dopamine	7.2	gtopdb	ZGUGWUXLJSTTMA-UHFFFAOYSA-N
63	5HT2A_HUMAN	5-hydroxytryptamine receptor 2A	P28223	GPCR	Ki	risperidone	ANTAGONIST	9.36	drugcentral	5-hydroxytryptamine	8.4	gtopdb	RAPZEAPATHNIPO-UHFFFAOYSA-N
64	DRD2_HUMAN	D(2) dopamine receptor	P14416	GPCR	Ki	risperidone	ANTAGONIST	8.49	drugcentral	dopamine	7.2	gtopdb	RAPZEAPATHNIPO-UHFFFAOYSA-N
65	5HT2A_HUMAN	5-hydroxytryptamine receptor 2A	P28223	GPCR	Ki	sertindole	ANTAGONIST	9.22	drugcentral	5-hydroxytryptamine	8.4	gtopdb	GZKLJWGUPQBVJQ-UHFFFAOYSA-N
66	5HT2C_HUMAN	5-hydroxytryptamine receptor 2C	P28335	GPCR	Ki	sertindole	INVERSE AGONIST	9.7	drugcentral	5-hydroxytryptamine	8.6	gtopdb	GZKLJWGUPQBVJQ-UHFFFAOYSA-N
67	DRD2_HUMAN	D(2) dopamine receptor	P14416	GPCR	Ki	sertindole	ANTAGONIST	9.35	drugcentral	dopamine	7.2	gtopdb	GZKLJWGUPQBVJQ-UHFFFAOYSA-N
68	5HT2A_HUMAN	5-hydroxytryptamine receptor 2A	P28223	GPCR	Ki	spiperone	ANTAGONIST	8.65	drugcentral	5-hydroxytryptamine	8.4	gtopdb	DKGZKTPJOSAWFA-UHFFFAOYSA-N
69	DRD2_HUMAN	D(2) dopamine receptor	P14416	GPCR	Ki	spiperone	ANTAGONIST	10.22	drugcentral	dopamine	7.2	gtopdb	DKGZKTPJOSAWFA-UHFFFAOYSA-N
70	5HT2A_HUMAN	5-hydroxytryptamine receptor 2A	P28223	GPCR	Ki	terguride	PARTIAL AGONIST	8.3	drugcentral	5-hydroxytryptamine	8.4	gtopdb	JOAHPSVPXZTVEP-YXJHDRRASA-N
71	5HT2B_HUMAN	5-hydroxytryptamine receptor 2B	P41595	GPCR	Ki	terguride	ANTAGONIST	8.2	drugcentral	5-hydroxytryptamine	8.4	gtopdb	JOAHPSVPXZTVEP-YXJHDRRASA-N
72	5HT2A_HUMAN	5-hydroxytryptamine receptor 2A	P28223	GPCR	Ki	trazodone	ANTAGONIST	7.35	drugcentral	5-hydroxytryptamine	8.4	gtopdb	PHLBKPHSAVXXEF-UHFFFAOYSA-N
73	5HT2C_HUMAN	5-hydroxytryptamine receptor 2C	P28335	GPCR	Ki	trazodone	ANTAGONIST	6.65	drugcentral	5-hydroxytryptamine	8.6	gtopdb	PHLBKPHSAVXXEF-UHFFFAOYSA-N
74	5HT2A_HUMAN	5-hydroxytryptamine receptor 2A	P28223	GPCR	Ki	ziprasidone	ANTAGONIST	9.4	drugcentral	5-hydroxytryptamine	8.4	gtopdb	MVWVFYHBGMAFLY-UHFFFAOYSA-N
75	DRD2_HUMAN	D(2) dopamine receptor	P14416	GPCR	Ki	ziprasidone	ANTAGONIST	8.32	drugcentral	dopamine	7.2	gtopdb	MVWVFYHBGMAFLY-UHFFFAOYSA-N
76	5HT2B_HUMAN	5-hydroxytryptamine receptor 2B	P41595	GPCR	Ki	lisuride	ANTAGONIST	8.49	drugcentral	5-hydroxytryptamine	8.4	gtopdb	BKRGVLQUQGGVSM-KBXCAEBGSA-N
77	5HT2B_HUMAN	5-hydroxytryptamine receptor 2B	P41595	GPCR	Ki	methysergide	AGONIST	9.34	drugcentral	5-hydroxytryptamine	8.4	gtopdb	KPJZHOPZRAFDTN-ZRGWGRIASA-N
78	5HT2C_HUMAN	5-hydroxytryptamine receptor 2C	P28335	GPCR	Ki	methysergide	AGONIST	8.34	drugcentral	5-hydroxytryptamine	8.6	gtopdb	KPJZHOPZRAFDTN-ZRGWGRIASA-N
79	5HT2C_HUMAN	5-hydroxytryptamine receptor 2C	P28335	GPCR	Ki	agomelatine	ANTAGONIST	6.2	drugcentral	5-hydroxytryptamine	8.6	gtopdb	YJYPHIXNFHFHND-UHFFFAOYSA-N
80	MTR1A_HUMAN	Melatonin receptor type 1A	P48039	GPCR	Ki	agomelatine	AGONIST	10.22	drugcentral	melatonin	9.7	gtopdb	YJYPHIXNFHFHND-UHFFFAOYSA-N
81	MTR1B_HUMAN	Melatonin receptor type 1B	P49286	GPCR	Ki	agomelatine	AGONIST	10.0	drugcentral	melatonin	9.8	gtopdb	YJYPHIXNFHFHND-UHFFFAOYSA-N
82	5HT2C_HUMAN	5-hydroxytryptamine receptor 2C	P28335	GPCR	Ki	lorcaserin	AGONIST	7.89	drugcentral	5-hydroxytryptamine	8.6	gtopdb	XTTZERNUQAFMOF-QMMMGPOBSA-N
83	5HT4R_HUMAN	5-hydroxytryptamine receptor 4	Q13639	GPCR	Ki	cisapride	AGONIST	7.54	drugcentral	5-hydroxytryptamine	7.0	gtopdb	DCSUBABJRXZOMT-UHFFFAOYSA-N
84	5HT4R_HUMAN	5-hydroxytryptamine receptor 4	Q13639	GPCR	Ki	mosapride	AGONIST	6.55	drugcentral	5-hydroxytryptamine	7.0	gtopdb	YPELFRMCRYSPKZ-UHFFFAOYSA-N
85	5HT4R_HUMAN	5-hydroxytryptamine receptor 4	Q13639	GPCR	Ki	prucalopride	AGONIST	8.6	drugcentral	5-hydroxytryptamine	7.0	gtopdb	ZPMNHBXQOOVQJL-UHFFFAOYSA-N
86	5HT4R_HUMAN	5-hydroxytryptamine receptor 4	Q13639	GPCR	Ki	tegaserod	PARTIAL AGONIST	8.4	drugcentral	5-hydroxytryptamine	7.0	gtopdb	IKBKZGMPCYNSLU-UHFFFAOYSA-N
87	AA1R_HUMAN	Adenosine receptor A1	P30542	GPCR	Ki	caffeine	ANTAGONIST	4.9	drugcentral	adenosine	7.0	gtopdb	RYYVLZVUVIJVGH-UHFFFAOYSA-N
88	AA2AR_HUMAN	Adenosine receptor A2a	P29274	GPCR	Ki	caffeine	ANTAGONIST	5.61	drugcentral	adenosine	6.51	gtopdb	RYYVLZVUVIJVGH-UHFFFAOYSA-N
89	AA2BR_HUMAN	Adenosine receptor A2b	P29275	GPCR	Ki	caffeine	ANTAGONIST	4.77	drugcentral	adenosine	4.82	gtopdb	RYYVLZVUVIJVGH-UHFFFAOYSA-N
90	AA1R_HUMAN	Adenosine receptor A1	P30542	GPCR	Ki	theophylline	ANTAGONIST	9.22	drugcentral	adenosine	7.0	gtopdb	ZFXYFBGIUFBOJW-UHFFFAOYSA-N
91	AA2AR_HUMAN	Adenosine receptor A2a	P29274	GPCR	Ki	theophylline	ANTAGONIST	9.22	drugcentral	adenosine	6.51	gtopdb	ZFXYFBGIUFBOJW-UHFFFAOYSA-N
92	AA2BR_HUMAN	Adenosine receptor A2b	P29275	GPCR	Ki	theophylline	ANTAGONIST	5.57	drugcentral	adenosine	4.82	gtopdb	ZFXYFBGIUFBOJW-UHFFFAOYSA-N
93	AA2AR_HUMAN	Adenosine receptor A2a	P29274	GPCR	Ki	istradefylline	ANTAGONIST	8.66	drugcentral	adenosine	6.51	gtopdb	IQVRBWUUXZMOPW-PKNBQFBNSA-N
94	AA2BR_HUMAN	Adenosine receptor A2b	P29275	GPCR	Ki	pentoxifylline	ANTAGONIST	5.29	drugcentral	adenosine	4.82	gtopdb	BYPFEZZEUUWMEJ-UHFFFAOYSA-N
95	ACM1_HUMAN	Muscarinic acetylcholine receptor M1	P11229	GPCR	Ki	atropine	ANTAGONIST	9.31	drugcentral	acetylcholine	4.9	gtopdb	RKUNBYITZUJHSG-SPUOUPEWSA-N
96	ACM2_HUMAN	Muscarinic acetylcholine receptor M2	P08172	GPCR	Ki	atropine	ANTAGONIST	8.97	drugcentral	acetylcholine	6.5	gtopdb	RKUNBYITZUJHSG-SPUOUPEWSA-N
97	ACM3_HUMAN	Muscarinic acetylcholine receptor M3	P20309	GPCR	Ki	atropine	ANTAGONIST	9.5	drugcentral	acetylcholine	5.4	gtopdb	RKUNBYITZUJHSG-SPUOUPEWSA-N
98	ACM1_HUMAN	Muscarinic acetylcholine receptor M1	P11229	GPCR	Ki	benzatropine	ANTAGONIST	9.64	drugcentral	acetylcholine	4.9	gtopdb	GIJXKZJWITVLHI-PMOLBWCYSA-N
99	ACM1_HUMAN	Muscarinic acetylcholine receptor M1	P11229	GPCR	Ki	dicycloverine	ANTAGONIST	9.08	drugcentral	acetylcholine	4.9	gtopdb	CURUTKGFNZGFSE-UHFFFAOYSA-N
100	ACM3_HUMAN	Muscarinic acetylcholine receptor M3	P20309	GPCR	Ki	dicycloverine	ANTAGONIST	9.03	drugcentral	acetylcholine	5.4	gtopdb	CURUTKGFNZGFSE-UHFFFAOYSA-N
101	ACM1_HUMAN	Muscarinic acetylcholine receptor M1	P11229	GPCR	Ki	diphenidol	ANTAGONIST	7.11	drugcentral	acetylcholine	4.9	gtopdb	OGAKLTJNUQRZJU-UHFFFAOYSA-N
102	ACM1_HUMAN	Muscarinic acetylcholine receptor M1	P11229	GPCR	Ki	glycopyrronium bromide	ANTAGONIST	9.69	drugcentral	acetylcholine	4.9	gtopdb	ANGKOCUUWGHLCE-UHFFFAOYSA-N
103	ACM2_HUMAN	Muscarinic acetylcholine receptor M2	P08172	GPCR	Ki	glycopyrronium bromide	ANTAGONIST	9.25	drugcentral	acetylcholine	6.5	gtopdb	ANGKOCUUWGHLCE-UHFFFAOYSA-N
104	ACM3_HUMAN	Muscarinic acetylcholine receptor M3	P20309	GPCR	Ki	glycopyrronium bromide	ANTAGONIST	9.64	drugcentral	acetylcholine	5.4	gtopdb	ANGKOCUUWGHLCE-UHFFFAOYSA-N
105	ACM4_HUMAN	Muscarinic acetylcholine receptor M4	P08173	GPCR	Ki	glycopyrronium bromide	ANTAGONIST	9.06	drugcentral	acetylcholine	5.6	gtopdb	ANGKOCUUWGHLCE-UHFFFAOYSA-N
106	ACM5_HUMAN	Muscarinic acetylcholine receptor M5	P08912	GPCR	Ki	glycopyrronium bromide	ANTAGONIST	8.91	drugcentral	acetylcholine	6.1	gtopdb	ANGKOCUUWGHLCE-UHFFFAOYSA-N
107	ACM1_HUMAN	Muscarinic acetylcholine receptor M1	P11229	GPCR	Ki	hexocyclium	ANTAGONIST	8.6	drugcentral	acetylcholine	4.9	gtopdb	ZRYHPQCHHOKSMD-UHFFFAOYSA-N
108	ACM3_HUMAN	Muscarinic acetylcholine receptor M3	P20309	GPCR	Ki	hexocyclium	ANTAGONIST	8.9	drugcentral	acetylcholine	5.4	gtopdb	ZRYHPQCHHOKSMD-UHFFFAOYSA-N
109	ACM1_HUMAN	Muscarinic acetylcholine receptor M1	P11229	GPCR	Ki	hyoscyamine	ANTAGONIST	9.0	drugcentral	acetylcholine	4.9	gtopdb	RKUNBYITZUJHSG-FXUDXRNXSA-N
110	ACM2_HUMAN	Muscarinic acetylcholine receptor M2	P08172	GPCR	Ki	hyoscyamine	ANTAGONIST	9.3	drugcentral	acetylcholine	6.5	gtopdb	RKUNBYITZUJHSG-FXUDXRNXSA-N
111	ACM3_HUMAN	Muscarinic acetylcholine receptor M3	P20309	GPCR	Ki	hyoscyamine	ANTAGONIST	9.8	drugcentral	acetylcholine	5.4	gtopdb	RKUNBYITZUJHSG-FXUDXRNXSA-N
112	ACM1_HUMAN	Muscarinic acetylcholine receptor M1	P11229	GPCR	Ki	oxybutynin	ANTAGONIST	9.0	drugcentral	acetylcholine	4.9	gtopdb	XIQVNETUBQGFHX-UHFFFAOYSA-N
113	ACM3_HUMAN	Muscarinic acetylcholine receptor M3	P20309	GPCR	Ki	oxybutynin	ANTAGONIST	9.11	drugcentral	acetylcholine	5.4	gtopdb	XIQVNETUBQGFHX-UHFFFAOYSA-N
114	ACM1_HUMAN	Muscarinic acetylcholine receptor M1	P11229	GPCR	Ki	pirenzepine	ANTAGONIST	7.68	drugcentral	acetylcholine	4.9	gtopdb	RMHMFHUVIITRHF-UHFFFAOYSA-N
115	ACM1_HUMAN	Muscarinic acetylcholine receptor M1	P11229	GPCR	Ki	procyclidine	ANTAGONIST	8.34	drugcentral	acetylcholine	4.9	gtopdb	WYDUSKDSKCASEF-UHFFFAOYSA-N
116	ACM1_HUMAN	Muscarinic acetylcholine receptor M1	P11229	GPCR	Ki	propantheline	ANTAGONIST	9.7	drugcentral	acetylcholine	4.9	gtopdb	VVWYOYDLCMFIEM-UHFFFAOYSA-N
117	ACM2_HUMAN	Muscarinic acetylcholine receptor M2	P08172	GPCR	Ki	propantheline	ANTAGONIST	9.5	drugcentral	acetylcholine	6.5	gtopdb	VVWYOYDLCMFIEM-UHFFFAOYSA-N
118	ACM3_HUMAN	Muscarinic acetylcholine receptor M3	P20309	GPCR	Ki	propantheline	ANTAGONIST	10.0	drugcentral	acetylcholine	5.4	gtopdb	VVWYOYDLCMFIEM-UHFFFAOYSA-N
119	ACM1_HUMAN	Muscarinic acetylcholine receptor M1	P11229	GPCR	Ki	scopolamine	ANTAGONIST	9.0	drugcentral	acetylcholine	4.9	gtopdb	STECJAGHUSJQJN-VJQRDGCPSA-N
120	ACM2_HUMAN	Muscarinic acetylcholine receptor M2	P08172	GPCR	Ki	bethanechol	AGONIST	4.0	drugcentral	acetylcholine	6.5	gtopdb	NZUPCNDJBJXXRF-UHFFFAOYSA-O
121	ACM3_HUMAN	Muscarinic acetylcholine receptor M3	P20309	GPCR	Ki	bethanechol	AGONIST	4.2	drugcentral	acetylcholine	5.4	gtopdb	NZUPCNDJBJXXRF-UHFFFAOYSA-O
122	ACM2_HUMAN	Muscarinic acetylcholine receptor M2	P08172	GPCR	Ki	dexetimide	ANTAGONIST	8.9	drugcentral	acetylcholine	6.5	gtopdb	LQQIVYSCPWCSSD-HSZRJFAPSA-N
123	ACM2_HUMAN	Muscarinic acetylcholine receptor M2	P08172	GPCR	Ki	fesoterodine	ANTAGONIST	6.4	drugcentral	acetylcholine	6.5	gtopdb	DCCSDBARQIPTGU-HSZRJFAPSA-N
124	ACM3_HUMAN	Muscarinic acetylcholine receptor M3	P20309	GPCR	Ki	fesoterodine	ANTAGONIST	6.27	drugcentral	acetylcholine	5.4	gtopdb	DCCSDBARQIPTGU-HSZRJFAPSA-N
125	ACM2_HUMAN	Muscarinic acetylcholine receptor M2	P08172	GPCR	Ki	tolterodine	ANTAGONIST	8.57	drugcentral	acetylcholine	6.5	gtopdb	OOGJQPCLVADCPB-HXUWFJFHSA-N
126	ACM3_HUMAN	Muscarinic acetylcholine receptor M3	P20309	GPCR	Ki	tolterodine	ANTAGONIST	8.49	drugcentral	acetylcholine	5.4	gtopdb	OOGJQPCLVADCPB-HXUWFJFHSA-N
127	ACM3_HUMAN	Muscarinic acetylcholine receptor M3	P20309	GPCR	Ki	aclidinium bromide	ANTAGONIST	10.15	drugcentral	acetylcholine	5.4	gtopdb	ASMXXROZKSBQIH-VITNCHFBSA-N
128	ACM3_HUMAN	Muscarinic acetylcholine receptor M3	P20309	GPCR	Ki	clidinium	ANTAGONIST	9.6	drugcentral	acetylcholine	5.4	gtopdb	HOOSGZJRQIVJSZ-UHFFFAOYSA-N
129	ACM3_HUMAN	Muscarinic acetylcholine receptor M3	P20309	GPCR	Ki	ipratropium	ANTAGONIST	9.29	drugcentral	acetylcholine	5.4	gtopdb	OEXHQOGQTVQTAT-BHIXFJMTSA-N
130	ACM3_HUMAN	Muscarinic acetylcholine receptor M3	P20309	GPCR	Ki	mepenzolate	ANTAGONIST	8.59	drugcentral	acetylcholine	5.4	gtopdb	GKNPSSNBBWDAGH-UHFFFAOYSA-N
131	ACM3_HUMAN	Muscarinic acetylcholine receptor M3	P20309	GPCR	Ki	methscopolamine	ANTAGONIST	10.4	drugcentral	acetylcholine	5.4	gtopdb	LZCOQTDXKCNBEE-IKIFYQGPSA-N
132	ACM3_HUMAN	Muscarinic acetylcholine receptor M3	P20309	GPCR	Ki	tiotropium bromide	ANTAGONIST	11.1	drugcentral	acetylcholine	5.4	gtopdb	LERNTVKEWCAPOY-VOGVJGKGSA-N
133	ACM3_HUMAN	Muscarinic acetylcholine receptor M3	P20309	GPCR	Ki	tropicamide	ANTAGONIST	7.52	drugcentral	acetylcholine	5.4	gtopdb	BGDKAVGWHJFAGW-UHFFFAOYSA-N
134	ACM3_HUMAN	Muscarinic acetylcholine receptor M3	P20309	GPCR	Ki	umeclidinium	ANTAGONIST	10.22	drugcentral	acetylcholine	5.4	gtopdb	FVTWTVQXNAJTQP-UHFFFAOYSA-N
135	ADA1A_HUMAN	Alpha-1A adrenergic receptor	P35348	GPCR	Ki	alfuzosin	ANTAGONIST	8.09	drugcentral	(-)-adrenaline	6.5	gtopdb	WNMJYKCGWZFFKR-UHFFFAOYSA-N
136	ADA1B_HUMAN	Alpha-1B adrenergic receptor	P35368	GPCR	Ki	alfuzosin	ANTAGONIST	8.55	drugcentral	(-)-adrenaline	6.5	gtopdb	WNMJYKCGWZFFKR-UHFFFAOYSA-N
137	ADA1D_HUMAN	Alpha-1D adrenergic receptor	P25100	GPCR	Ki	alfuzosin	ANTAGONIST	8.44	drugcentral	(-)-noradrenaline	7.4	gtopdb	WNMJYKCGWZFFKR-UHFFFAOYSA-N
138	ADA1A_HUMAN	Alpha-1A adrenergic receptor	P35348	GPCR	Ki	doxazosin	ANTAGONIST	8.8	drugcentral	(-)-adrenaline	6.5	gtopdb	RUZYUOTYCVRMRZ-UHFFFAOYSA-N
139	ADA1B_HUMAN	Alpha-1B adrenergic receptor	P35368	GPCR	Ki	doxazosin	ANTAGONIST	9.1	drugcentral	(-)-adrenaline	6.5	gtopdb	RUZYUOTYCVRMRZ-UHFFFAOYSA-N
140	ADA1D_HUMAN	Alpha-1D adrenergic receptor	P25100	GPCR	Ki	doxazosin	ANTAGONIST	8.85	drugcentral	(-)-noradrenaline	7.4	gtopdb	RUZYUOTYCVRMRZ-UHFFFAOYSA-N
141	ADA1A_HUMAN	Alpha-1A adrenergic receptor	P35348	GPCR	Ki	epinephrine	AGONIST	5.7	drugcentral	(-)-adrenaline	6.5	gtopdb	UCTWMZQNUQWSLP-VIFPVBQESA-N
142	ADA1B_HUMAN	Alpha-1B adrenergic receptor	P35368	GPCR	Ki	epinephrine	AGONIST	6.5	drugcentral	(-)-adrenaline	6.5	gtopdb	UCTWMZQNUQWSLP-VIFPVBQESA-N
143	ADA1D_HUMAN	Alpha-1D adrenergic receptor	P25100	GPCR	Ki	epinephrine	AGONIST	7.2	drugcentral	(-)-noradrenaline	7.4	gtopdb	UCTWMZQNUQWSLP-VIFPVBQESA-N
144	ADA2A_HUMAN	Alpha-2A adrenergic receptor	P08913	GPCR	Ki	epinephrine	AGONIST	6.56	drugcentral	(-)-adrenaline	7.4	gtopdb	UCTWMZQNUQWSLP-VIFPVBQESA-N
145	ADA2B_HUMAN	Alpha-2B adrenergic receptor	P18089	GPCR	Ki	epinephrine	AGONIST	6.4	drugcentral	(-)-noradrenaline	6.0	gtopdb	UCTWMZQNUQWSLP-VIFPVBQESA-N
146	ADA2C_HUMAN	Alpha-2C adrenergic receptor	P18825	GPCR	Ki	epinephrine	AGONIST	6.45	drugcentral	(-)-noradrenaline	6.8	gtopdb	UCTWMZQNUQWSLP-VIFPVBQESA-N
147	ADA1A_HUMAN	Alpha-1A adrenergic receptor	P35348	GPCR	Ki	naftopidil	ANTAGONIST	8.43	drugcentral	(-)-adrenaline	6.5	gtopdb	HRRBJVNMSRJFHQ-UHFFFAOYSA-N
148	ADA1B_HUMAN	Alpha-1B adrenergic receptor	P35368	GPCR	Ki	naftopidil	ANTAGONIST	7.7	drugcentral	(-)-adrenaline	6.5	gtopdb	HRRBJVNMSRJFHQ-UHFFFAOYSA-N
149	ADA1D_HUMAN	Alpha-1D adrenergic receptor	P25100	GPCR	Ki	naftopidil	ANTAGONIST	8.92	drugcentral	(-)-noradrenaline	7.4	gtopdb	HRRBJVNMSRJFHQ-UHFFFAOYSA-N
150	ADA1A_HUMAN	Alpha-1A adrenergic receptor	P35348	GPCR	Ki	norepinephrine	AGONIST	5.82	drugcentral	(-)-adrenaline	6.5	gtopdb	SFLSHLFXELFNJZ-QMMMGPOBSA-N
151	ADA1B_HUMAN	Alpha-1B adrenergic receptor	P35368	GPCR	Ki	norepinephrine	AGONIST	4.69	drugcentral	(-)-adrenaline	6.5	gtopdb	SFLSHLFXELFNJZ-QMMMGPOBSA-N
152	ADA2A_HUMAN	Alpha-2A adrenergic receptor	P08913	GPCR	Ki	norepinephrine	AGONIST	7.18	drugcentral	(-)-adrenaline	7.4	gtopdb	SFLSHLFXELFNJZ-QMMMGPOBSA-N
153	ADA2C_HUMAN	Alpha-2C adrenergic receptor	P18825	GPCR	Ki	norepinephrine	AGONIST	7.2	drugcentral	(-)-noradrenaline	6.8	gtopdb	SFLSHLFXELFNJZ-QMMMGPOBSA-N
154	ADRB1_HUMAN	Beta-1 adrenergic receptor	P08588	GPCR	Ki	norepinephrine	AGONIST	6.0	drugcentral	(-)-adrenaline	6.0	gtopdb	SFLSHLFXELFNJZ-QMMMGPOBSA-N
155	ADA1A_HUMAN	Alpha-1A adrenergic receptor	P35348	GPCR	Ki	oxymetazoline	AGONIST	8.1	drugcentral	(-)-adrenaline	6.5	gtopdb	WYWIFABBXFUGLM-UHFFFAOYSA-N
156	ADA2B_HUMAN	Alpha-2B adrenergic receptor	P18089	GPCR	Ki	oxymetazoline	AGONIST	5.85	drugcentral	(-)-noradrenaline	6.0	gtopdb	WYWIFABBXFUGLM-UHFFFAOYSA-N
157	ADA1A_HUMAN	Alpha-1A adrenergic receptor	P35348	GPCR	Ki	phentolamine	ANTAGONIST	8.39	drugcentral	(-)-adrenaline	6.5	gtopdb	MRBDMNSDAVCSSF-UHFFFAOYSA-N
158	ADA1B_HUMAN	Alpha-1B adrenergic receptor	P35368	GPCR	Ki	phentolamine	ANTAGONIST	7.32	drugcentral	(-)-adrenaline	6.5	gtopdb	MRBDMNSDAVCSSF-UHFFFAOYSA-N
159	ADA1D_HUMAN	Alpha-1D adrenergic receptor	P25100	GPCR	Ki	phentolamine	ANTAGONIST	7.71	drugcentral	(-)-noradrenaline	7.4	gtopdb	MRBDMNSDAVCSSF-UHFFFAOYSA-N
160	ADA2A_HUMAN	Alpha-2A adrenergic receptor	P08913	GPCR	Ki	phentolamine	ANTAGONIST	8.77	drugcentral	(-)-adrenaline	7.4	gtopdb	MRBDMNSDAVCSSF-UHFFFAOYSA-N
161	ADA2B_HUMAN	Alpha-2B adrenergic receptor	P18089	GPCR	Ki	phentolamine	ANTAGONIST	8.12	drugcentral	(-)-noradrenaline	6.0	gtopdb	MRBDMNSDAVCSSF-UHFFFAOYSA-N
162	ADA2C_HUMAN	Alpha-2C adrenergic receptor	P18825	GPCR	Ki	phentolamine	ANTAGONIST	8.08	drugcentral	(-)-noradrenaline	6.8	gtopdb	MRBDMNSDAVCSSF-UHFFFAOYSA-N
163	ADA1A_HUMAN	Alpha-1A adrenergic receptor	P35348	GPCR	Ki	phenylephrine	AGONIST	5.3	drugcentral	(-)-adrenaline	6.5	gtopdb	SONNWYBIRXJNDC-VIFPVBQESA-N
164	ADA1B_HUMAN	Alpha-1B adrenergic receptor	P35368	GPCR	Ki	phenylephrine	AGONIST	6.9	drugcentral	(-)-adrenaline	6.5	gtopdb	SONNWYBIRXJNDC-VIFPVBQESA-N
165	ADA1A_HUMAN	Alpha-1A adrenergic receptor	P35348	GPCR	Ki	prazosin	INVERSE AGONIST	10.4	drugcentral	(-)-adrenaline	6.5	gtopdb	IENZQIKPVFGBNW-UHFFFAOYSA-N
166	ADA1B_HUMAN	Alpha-1B adrenergic receptor	P35368	GPCR	Ki	prazosin	INVERSE AGONIST	9.68	drugcentral	(-)-adrenaline	6.5	gtopdb	IENZQIKPVFGBNW-UHFFFAOYSA-N
167	ADA1D_HUMAN	Alpha-1D adrenergic receptor	P25100	GPCR	Ki	prazosin	INVERSE AGONIST	9.7	drugcentral	(-)-noradrenaline	7.4	gtopdb	IENZQIKPVFGBNW-UHFFFAOYSA-N
168	ADA1A_HUMAN	Alpha-1A adrenergic receptor	P35348	GPCR	Ki	silodosin	ANTAGONIST	10.44	drugcentral	(-)-adrenaline	6.5	gtopdb	PNCPYILNMDWPEY-QGZVFWFLSA-N
169	ADA1A_HUMAN	Alpha-1A adrenergic receptor	P35348	GPCR	Ki	terazosin	ANTAGONIST	8.95	drugcentral	(-)-adrenaline	6.5	gtopdb	VCKUSRYTPJJLNI-UHFFFAOYSA-N
170	ADA1B_HUMAN	Alpha-1B adrenergic receptor	P35368	GPCR	Ki	terazosin	ANTAGONIST	9.08	drugcentral	(-)-adrenaline	6.5	gtopdb	VCKUSRYTPJJLNI-UHFFFAOYSA-N
171	ADA1D_HUMAN	Alpha-1D adrenergic receptor	P25100	GPCR	Ki	terazosin	ANTAGONIST	9.2	drugcentral	(-)-noradrenaline	7.4	gtopdb	VCKUSRYTPJJLNI-UHFFFAOYSA-N
172	ADA1A_HUMAN	Alpha-1A adrenergic receptor	P35348	GPCR	Ki	tolazoline	ANTAGONIST	5.5	drugcentral	(-)-adrenaline	6.5	gtopdb	JIVZKJJQOZQXQB-UHFFFAOYSA-N
173	ADA2A_HUMAN	Alpha-2A adrenergic receptor	P08913	GPCR	Ki	tolazoline	ANTAGONIST	6.64	drugcentral	(-)-adrenaline	7.4	gtopdb	JIVZKJJQOZQXQB-UHFFFAOYSA-N
174	ADA2B_HUMAN	Alpha-2B adrenergic receptor	P18089	GPCR	Ki	tolazoline	ANTAGONIST	5.5	drugcentral	(-)-noradrenaline	6.0	gtopdb	JIVZKJJQOZQXQB-UHFFFAOYSA-N
175	ADA2C_HUMAN	Alpha-2C adrenergic receptor	P18825	GPCR	Ki	tolazoline	ANTAGONIST	5.43	drugcentral	(-)-noradrenaline	6.8	gtopdb	JIVZKJJQOZQXQB-UHFFFAOYSA-N
176	ADA1A_HUMAN	Alpha-1A adrenergic receptor	P35348	GPCR	Ki	urapidil	ANTAGONIST	8.85	drugcentral	(-)-adrenaline	6.5	gtopdb	ICMGLRUYEQNHPF-UHFFFAOYSA-N
177	ADA1B_HUMAN	Alpha-1B adrenergic receptor	P35368	GPCR	Ki	urapidil	ANTAGONIST	7.1	drugcentral	(-)-adrenaline	6.5	gtopdb	ICMGLRUYEQNHPF-UHFFFAOYSA-N
178	ADA1D_HUMAN	Alpha-1D adrenergic receptor	P25100	GPCR	Ki	urapidil	ANTAGONIST	7.9	drugcentral	(-)-noradrenaline	7.4	gtopdb	ICMGLRUYEQNHPF-UHFFFAOYSA-N
179	ADA1B_HUMAN	Alpha-1B adrenergic receptor	P35368	GPCR	Ki	methoxamine	AGONIST	4.0	drugcentral	(-)-adrenaline	6.5	gtopdb	WJAJPNHVVFWKKL-UHFFFAOYSA-N
180	ADA1D_HUMAN	Alpha-1D adrenergic receptor	P25100	GPCR	Ki	dapiprazole	ANTAGONIST	8.39	drugcentral	(-)-noradrenaline	7.4	gtopdb	RFWZESUMWJKKRN-UHFFFAOYSA-N
181	ADA2A_HUMAN	Alpha-2A adrenergic receptor	P08913	GPCR	Ki	apraclonidine	AGONIST	8.54	drugcentral	(-)-adrenaline	7.4	gtopdb	IEJXVRYNEISIKR-UHFFFAOYSA-N
182	ADA2B_HUMAN	Alpha-2B adrenergic receptor	P18089	GPCR	Ki	apraclonidine	AGONIST	7.94	drugcentral	(-)-noradrenaline	6.0	gtopdb	IEJXVRYNEISIKR-UHFFFAOYSA-N
183	ADA2C_HUMAN	Alpha-2C adrenergic receptor	P18825	GPCR	Ki	apraclonidine	AGONIST	7.52	drugcentral	(-)-noradrenaline	6.8	gtopdb	IEJXVRYNEISIKR-UHFFFAOYSA-N
184	ADA2A_HUMAN	Alpha-2A adrenergic receptor	P08913	GPCR	Ki	clonidine	AGONIST	8.42	drugcentral	(-)-adrenaline	7.4	gtopdb	GJSURZIOUXUGAL-UHFFFAOYSA-N
185	ADA2B_HUMAN	Alpha-2B adrenergic receptor	P18089	GPCR	Ki	clonidine	AGONIST	7.5	drugcentral	(-)-noradrenaline	6.0	gtopdb	GJSURZIOUXUGAL-UHFFFAOYSA-N
186	ADA2A_HUMAN	Alpha-2A adrenergic receptor	P08913	GPCR	Ki	guanabenz	AGONIST	7.82	drugcentral	(-)-adrenaline	7.4	gtopdb	WDZVGELJXXEGPV-YIXHJXPBSA-N
187	ADA2B_HUMAN	Alpha-2B adrenergic receptor	P18089	GPCR	Ki	guanabenz	AGONIST	7.17	drugcentral	(-)-noradrenaline	6.0	gtopdb	WDZVGELJXXEGPV-YIXHJXPBSA-N
188	ADA2C_HUMAN	Alpha-2C adrenergic receptor	P18825	GPCR	Ki	guanabenz	AGONIST	6.79	drugcentral	(-)-noradrenaline	6.8	gtopdb	WDZVGELJXXEGPV-YIXHJXPBSA-N
189	ADA2A_HUMAN	Alpha-2A adrenergic receptor	P08913	GPCR	Ki	lofexidine	AGONIST	8.36	drugcentral	(-)-adrenaline	7.4	gtopdb	KSMAGQUYOIHWFS-UHFFFAOYSA-N
190	ADA2A_HUMAN	Alpha-2A adrenergic receptor	P08913	GPCR	Ki	naphazoline	AGONIST	7.68	drugcentral	(-)-adrenaline	7.4	gtopdb	CNIIGCLFLJGOGP-UHFFFAOYSA-N
191	ADA2B_HUMAN	Alpha-2B adrenergic receptor	P18089	GPCR	Ki	naphazoline	AGONIST	6.39	drugcentral	(-)-noradrenaline	6.0	gtopdb	CNIIGCLFLJGOGP-UHFFFAOYSA-N
192	ADA2C_HUMAN	Alpha-2C adrenergic receptor	P18825	GPCR	Ki	naphazoline	AGONIST	6.39	drugcentral	(-)-noradrenaline	6.8	gtopdb	CNIIGCLFLJGOGP-UHFFFAOYSA-N
193	ADA2A_HUMAN	Alpha-2A adrenergic receptor	P08913	GPCR	Ki	yohimbine	ANTAGONIST	9.38	drugcentral	(-)-adrenaline	7.4	gtopdb	BLGXFZZNTVWLAY-SCYLSFHTSA-N
194	ADA2B_HUMAN	Alpha-2B adrenergic receptor	P18089	GPCR	Ki	yohimbine	ANTAGONIST	8.7	drugcentral	(-)-noradrenaline	6.0	gtopdb	BLGXFZZNTVWLAY-SCYLSFHTSA-N
195	ADA2C_HUMAN	Alpha-2C adrenergic receptor	P18825	GPCR	Ki	yohimbine	ANTAGONIST	9.3	drugcentral	(-)-noradrenaline	6.8	gtopdb	BLGXFZZNTVWLAY-SCYLSFHTSA-N
196	ADA2B_HUMAN	Alpha-2B adrenergic receptor	P18089	GPCR	Ki	dexmedetomidine	AGONIST	8.6	drugcentral	(-)-noradrenaline	6.0	gtopdb	CUHVIMMYOGQXCV-NSHDSACASA-N
197	ADA2C_HUMAN	Alpha-2C adrenergic receptor	P18825	GPCR	Ki	dexmedetomidine	AGONIST	8.15	drugcentral	(-)-noradrenaline	6.8	gtopdb	CUHVIMMYOGQXCV-NSHDSACASA-N
198	ADA2B_HUMAN	Alpha-2B adrenergic receptor	P18089	GPCR	Ki	phenoxybenzamine	ANTAGONIST	8.46	drugcentral	(-)-noradrenaline	6.0	gtopdb	QZVCTJOXCFMACW-UHFFFAOYSA-N
199	ADA2B_HUMAN	Alpha-2B adrenergic receptor	P18089	GPCR	Ki	xylometazoline	AGONIST	5.98	drugcentral	(-)-noradrenaline	6.0	gtopdb	HUCJFAOMUPXHDK-UHFFFAOYSA-N
200	ADRB1_HUMAN	Beta-1 adrenergic receptor	P08588	GPCR	Ki	acebutolol	ANTAGONIST	7.3	drugcentral	(-)-adrenaline	6.0	gtopdb	GOEMGAFJFRBGGG-UHFFFAOYSA-N
201	ADRB1_HUMAN	Beta-1 adrenergic receptor	P08588	GPCR	Ki	atenolol	ANTAGONIST	7.3	drugcentral	(-)-adrenaline	6.0	gtopdb	METKIMKYRPQLGS-UHFFFAOYSA-N
202	ADRB1_HUMAN	Beta-1 adrenergic receptor	P08588	GPCR	Ki	bisoprolol	ANTAGONIST	7.65	drugcentral	(-)-adrenaline	6.0	gtopdb	VHYCDWMUTMEGQY-UHFFFAOYSA-N
203	ADRB1_HUMAN	Beta-1 adrenergic receptor	P08588	GPCR	Ki	bopindolol	ANTAGONIST	9.51	drugcentral	(-)-adrenaline	6.0	gtopdb	UUOJIACWOAYWEZ-UHFFFAOYSA-N
204	ADRB2_HUMAN	Beta-2 adrenergic receptor	P07550	GPCR	Ki	bopindolol	ANTAGONIST	9.65	drugcentral	(-)-adrenaline	6.2	gtopdb	UUOJIACWOAYWEZ-UHFFFAOYSA-N
205	ADRB1_HUMAN	Beta-1 adrenergic receptor	P08588	GPCR	Ki	bupranolol	ANTAGONIST	8.15	drugcentral	(-)-adrenaline	6.0	gtopdb	HQIRNZOQPUAHHV-UHFFFAOYSA-N
206	ADRB2_HUMAN	Beta-2 adrenergic receptor	P07550	GPCR	Ki	bupranolol	ANTAGONIST	8.7	drugcentral	(-)-adrenaline	6.2	gtopdb	HQIRNZOQPUAHHV-UHFFFAOYSA-N
207	ADRB1_HUMAN	Beta-1 adrenergic receptor	P08588	GPCR	Ki	carteolol	ANTAGONIST	9.3	drugcentral	(-)-adrenaline	6.0	gtopdb	LWAFSWPYPHEXKX-UHFFFAOYSA-N
208	ADRB2_HUMAN	Beta-2 adrenergic receptor	P07550	GPCR	Ki	carteolol	ANTAGONIST	9.2	drugcentral	(-)-adrenaline	6.2	gtopdb	LWAFSWPYPHEXKX-UHFFFAOYSA-N
209	ADRB1_HUMAN	Beta-1 adrenergic receptor	P08588	GPCR	Ki	carvedilol	ANTAGONIST	9.5	drugcentral	(-)-adrenaline	6.0	gtopdb	OGHNVEJMJSYVRP-UHFFFAOYSA-N
210	ADRB2_HUMAN	Beta-2 adrenergic receptor	P07550	GPCR	Ki	carvedilol	ANTAGONIST	9.65	drugcentral	(-)-adrenaline	6.2	gtopdb	OGHNVEJMJSYVRP-UHFFFAOYSA-N
211	ADRB1_HUMAN	Beta-1 adrenergic receptor	P08588	GPCR	Ki	celiprolol	ANTAGONIST	8.1	drugcentral	(-)-adrenaline	6.0	gtopdb	JOATXPAWOHTVSZ-UHFFFAOYSA-N
212	ADRB1_HUMAN	Beta-1 adrenergic receptor	P08588	GPCR	Ki	denopamine	AGONIST	5.8	drugcentral	(-)-adrenaline	6.0	gtopdb	VHSBBVZJABQOSG-INIZCTEOSA-N
213	ADRB1_HUMAN	Beta-1 adrenergic receptor	P08588	GPCR	Ki	dopamine	AGONIST	5.0	drugcentral	(-)-adrenaline	6.0	gtopdb	VYFYYTLLBUKUHU-UHFFFAOYSA-N
214	ADRB1_HUMAN	Beta-1 adrenergic receptor	P08588	GPCR	Ki	esmolol	ANTAGONIST	6.9	drugcentral	(-)-adrenaline	6.0	gtopdb	AQNDDEOPVVGCPG-UHFFFAOYSA-N
215	ADRB1_HUMAN	Beta-1 adrenergic receptor	P08588	GPCR	Ki	labetalol	ANTAGONIST	8.23	drugcentral	(-)-adrenaline	6.0	gtopdb	SGUAFYQXFOLMHL-UHFFFAOYSA-N
216	ADRB2_HUMAN	Beta-2 adrenergic receptor	P07550	GPCR	Ki	labetalol	ANTAGONIST	7.96	drugcentral	(-)-adrenaline	6.2	gtopdb	SGUAFYQXFOLMHL-UHFFFAOYSA-N
217	ADRB1_HUMAN	Beta-1 adrenergic receptor	P08588	GPCR	Ki	levobunolol	ANTAGONIST	8.4	drugcentral	(-)-adrenaline	6.0	gtopdb	IXHBTMCLRNMKHZ-LBPRGKRZSA-N
218	ADRB2_HUMAN	Beta-2 adrenergic receptor	P07550	GPCR	Ki	levobunolol	ANTAGONIST	9.26	drugcentral	(-)-adrenaline	6.2	gtopdb	IXHBTMCLRNMKHZ-LBPRGKRZSA-N
219	ADRB1_HUMAN	Beta-1 adrenergic receptor	P08588	GPCR	Ki	metoprolol	ANTAGONIST	7.6	drugcentral	(-)-adrenaline	6.0	gtopdb	IUBSYMUCCVWXPE-UHFFFAOYSA-N
220	ADRB1_HUMAN	Beta-1 adrenergic receptor	P08588	GPCR	Ki	nadolol	ANTAGONIST	6.9	drugcentral	(-)-adrenaline	6.0	gtopdb	VWPOSFSPZNDTMJ-UHFFFAOYSA-N
221	ADRB2_HUMAN	Beta-2 adrenergic receptor	P07550	GPCR	Ki	nadolol	ANTAGONIST	7.8	drugcentral	(-)-adrenaline	6.2	gtopdb	VWPOSFSPZNDTMJ-UHFFFAOYSA-N
222	ADRB1_HUMAN	Beta-1 adrenergic receptor	P08588	GPCR	Ki	nebivolol	ANTAGONIST	8.5	drugcentral	(-)-adrenaline	6.0	gtopdb	KOHIRBRYDXPAMZ-UHFFFAOYSA-N
223	ADRB2_HUMAN	Beta-2 adrenergic receptor	P07550	GPCR	Ki	nebivolol	ANTAGONIST	7.5	drugcentral	(-)-adrenaline	6.2	gtopdb	KOHIRBRYDXPAMZ-UHFFFAOYSA-N
224	ADRB1_HUMAN	Beta-1 adrenergic receptor	P08588	GPCR	Ki	oxprenolol	ANTAGONIST	8.11	drugcentral	(-)-adrenaline	6.0	gtopdb	CEMAWMOMDPGJMB-UHFFFAOYSA-N
225	ADRB2_HUMAN	Beta-2 adrenergic receptor	P07550	GPCR	Ki	oxprenolol	ANTAGONIST	8.0	drugcentral	(-)-adrenaline	6.2	gtopdb	CEMAWMOMDPGJMB-UHFFFAOYSA-N
226	ADRB1_HUMAN	Beta-1 adrenergic receptor	P08588	GPCR	Ki	penbutolol	ANTAGONIST	8.8	drugcentral	(-)-adrenaline	6.0	gtopdb	KQXKVJAGOJTNJS-HNNXBMFYSA-N
227	ADRB2_HUMAN	Beta-2 adrenergic receptor	P07550	GPCR	Ki	penbutolol	ANTAGONIST	9.0	drugcentral	(-)-adrenaline	6.2	gtopdb	KQXKVJAGOJTNJS-HNNXBMFYSA-N
228	ADRB1_HUMAN	Beta-1 adrenergic receptor	P08588	GPCR	Ki	pindolol	PARTIAL AGONIST	9.4	drugcentral	(-)-adrenaline	6.0	gtopdb	JZQKKSLKJUAGIC-UHFFFAOYSA-N
229	ADRB2_HUMAN	Beta-2 adrenergic receptor	P07550	GPCR	Ki	pindolol	PARTIAL AGONIST	9.0	drugcentral	(-)-adrenaline	6.2	gtopdb	JZQKKSLKJUAGIC-UHFFFAOYSA-N
230	ADRB1_HUMAN	Beta-1 adrenergic receptor	P08588	GPCR	Ki	practolol	ANTAGONIST	6.45	drugcentral	(-)-adrenaline	6.0	gtopdb	DURULFYMVIFBIR-UHFFFAOYSA-N
231	ADRB1_HUMAN	Beta-1 adrenergic receptor	P08588	GPCR	Ki	propafenone	ANTAGONIST	6.69	drugcentral	(-)-adrenaline	6.0	gtopdb	JWHAUXFOSRPERK-UHFFFAOYSA-N
232	ADRB1_HUMAN	Beta-1 adrenergic receptor	P08588	GPCR	Ki	propranolol	ANTAGONIST	8.71	drugcentral	(-)-adrenaline	6.0	gtopdb	AQHHHDLHHXJYJD-UHFFFAOYSA-N
233	ADRB2_HUMAN	Beta-2 adrenergic receptor	P07550	GPCR	Ki	propranolol	ANTAGONIST	8.25	drugcentral	(-)-adrenaline	6.2	gtopdb	AQHHHDLHHXJYJD-UHFFFAOYSA-N
234	ADRB1_HUMAN	Beta-1 adrenergic receptor	P08588	GPCR	Ki	sotalol	ANTAGONIST	6.1	drugcentral	(-)-adrenaline	6.0	gtopdb	ZBMZVLHSJCTVON-UHFFFAOYSA-N
235	ADRB2_HUMAN	Beta-2 adrenergic receptor	P07550	GPCR	Ki	sotalol	ANTAGONIST	6.9	drugcentral	(-)-adrenaline	6.2	gtopdb	ZBMZVLHSJCTVON-UHFFFAOYSA-N
236	ADRB1_HUMAN	Beta-1 adrenergic receptor	P08588	GPCR	Ki	timolol	ANTAGONIST	9.0	drugcentral	(-)-adrenaline	6.0	gtopdb	BLJRIMJGRPQVNF-JTQLQIEISA-N
237	ADRB2_HUMAN	Beta-2 adrenergic receptor	P07550	GPCR	Ki	timolol	ANTAGONIST	9.7	drugcentral	(-)-adrenaline	6.2	gtopdb	BLJRIMJGRPQVNF-JTQLQIEISA-N
238	ADRB2_HUMAN	Beta-2 adrenergic receptor	P07550	GPCR	Ki	ephedrine	AGONIST	5.6	drugcentral	(-)-adrenaline	6.2	gtopdb	KWGRBVOPPLSCSI-WPRPVWTQSA-N
239	ADRB2_HUMAN	Beta-2 adrenergic receptor	P07550	GPCR	Ki	indacaterol	AGONIST	7.8	drugcentral	(-)-adrenaline	6.2	gtopdb	QZZUEBNBZAPZLX-QFIPXVFZSA-N
240	ADRB2_HUMAN	Beta-2 adrenergic receptor	P07550	GPCR	Ki	levosalbutamol	AGONIST	5.42	drugcentral	(-)-adrenaline	6.2	gtopdb	NDAUXUAQIAJITI-LBPRGKRZSA-N
241	ADRB2_HUMAN	Beta-2 adrenergic receptor	P07550	GPCR	Ki	olodaterol	ANTAGONIST	9.14	drugcentral	(-)-adrenaline	6.2	gtopdb	COUYJEVMBVSIHV-SFHVURJKSA-N
242	ADRB2_HUMAN	Beta-2 adrenergic receptor	P07550	GPCR	Ki	salbutamol	AGONIST	5.95	drugcentral	(-)-adrenaline	6.2	gtopdb	NDAUXUAQIAJITI-UHFFFAOYSA-N
243	ADRB2_HUMAN	Beta-2 adrenergic receptor	P07550	GPCR	Ki	salmeterol	AGONIST	9.41	drugcentral	(-)-adrenaline	6.2	gtopdb	GIIZNNXWQWCKIB-UHFFFAOYSA-N
244	ADRB2_HUMAN	Beta-2 adrenergic receptor	P07550	GPCR	Ki	terbutaline	AGONIST	5.6	drugcentral	(-)-adrenaline	6.2	gtopdb	XWTYSIMOBUGWOL-UHFFFAOYSA-N
245	AGTR1_HUMAN	Type-1 angiotensin II receptor	P30556	GPCR	IC50	azilsartan medoxomil	ANTAGONIST	8.35	drugcentral	angiotensin II	9.3	gtopdb	QJFSABGVXDWMIW-UHFFFAOYSA-N
246	AGTR1_HUMAN	Type-1 angiotensin II receptor	P30556	GPCR	IC50	candesartan cilexetil	ANTAGONIST	9.6	drugcentral	angiotensin II	9.3	gtopdb	GHOSNRCGJFBJIB-UHFFFAOYSA-N
247	AGTR1_HUMAN	Type-1 angiotensin II receptor	P30556	GPCR	IC50	eprosartan	ANTAGONIST	8.7	drugcentral	angiotensin II	9.3	gtopdb	OROAFUQRIXKEMV-LDADJPATSA-N
248	AGTR1_HUMAN	Type-1 angiotensin II receptor	P30556	GPCR	IC50	fimasartan	ANTAGONIST	9.38	drugcentral	angiotensin II	9.3	gtopdb	AMEROGPZOLAFBN-UHFFFAOYSA-N
249	AGTR1_HUMAN	Type-1 angiotensin II receptor	P30556	GPCR	IC50	losartan	ANTAGONIST	9.48	drugcentral	angiotensin II	9.3	gtopdb	PSIFNNKUMBGKDQ-UHFFFAOYSA-N
250	AGTR1_HUMAN	Type-1 angiotensin II receptor	P30556	GPCR	IC50	olmesartan medoxomil	ANTAGONIST	8.1	drugcentral	angiotensin II	9.3	gtopdb	UQGKUQLKSCSZGY-UHFFFAOYSA-N
251	AGTR1_HUMAN	Type-1 angiotensin II receptor	P30556	GPCR	IC50	tasosartan	ANTAGONIST	7.49	drugcentral	angiotensin II	9.3	gtopdb	ADXGNEYLLLSOAR-UHFFFAOYSA-N
252	AGTR1_HUMAN	Type-1 angiotensin II receptor	P30556	GPCR	IC50	telmisartan	ANTAGONIST	9.31	drugcentral	angiotensin II	9.3	gtopdb	RMMXLENWKUUMAY-UHFFFAOYSA-N
253	CLTR1_HUMAN	Cysteinyl leukotriene receptor 1	Q9Y271	GPCR	Ki	montelukast	ANTAGONIST	9.3	drugcentral	LTC4	8.1	gtopdb	UCHDWCPVSPXUMX-TZIWLTJVSA-N
254	CLTR1_HUMAN	Cysteinyl leukotriene receptor 1	Q9Y271	GPCR	Ki	pranlukast	ANTAGONIST	7.95	drugcentral	LTC4	8.1	gtopdb	NBQKINXMPLXUET-UHFFFAOYSA-N
255	CLTR1_HUMAN	Cysteinyl leukotriene receptor 1	Q9Y271	GPCR	Ki	zafirlukast	ANTAGONIST	9.5	drugcentral	LTC4	8.1	gtopdb	YEEZWCHGZNKEEK-UHFFFAOYSA-N
256	CNR1_HUMAN	Cannabinoid receptor 1	P21554	GPCR	Ki	dronabinol	AGONIST	8.54	drugcentral	anandamide	7.0	gtopdb	CYQFCXCEBYINGO-IAGOWNOFSA-N
257	CNR1_HUMAN	Cannabinoid receptor 1	P21554	GPCR	Ki	nabilone	AGONIST	8.4	drugcentral	anandamide	7.0	gtopdb	GECBBEABIDMGGL-UHFFFAOYSA-N
258	CNR1_HUMAN	Cannabinoid receptor 1	P21554	GPCR	Ki	rimonabant	ANTAGONIST	9.72	drugcentral	anandamide	7.0	gtopdb	JZCPYUJPEARBJL-UHFFFAOYSA-N
259	CRFR1_HUMAN	Corticotropin-releasing factor receptor 1	P34998	GPCR	Kd	corticorelin	AGONIST	8.48	drugcentral	urocortin 1	9.5	gtopdb	GBONBLHJMVUBSJ-FAUHKOHMSA-N
260	DRD1_HUMAN	D(1A) dopamine receptor	P21728	GPCR	Ki	flupentixol	ANTAGONIST	7.77	drugcentral	dopamine	5.6	gtopdb	NJMYODHXAKYRHW-UHFFFAOYSA-N
261	DRD2_HUMAN	D(2) dopamine receptor	P14416	GPCR	Ki	flupentixol	ANTAGONIST	8.82	drugcentral	dopamine	7.2	gtopdb	NJMYODHXAKYRHW-UHFFFAOYSA-N
262	DRD1_HUMAN	D(1A) dopamine receptor	P21728	GPCR	Ki	methylergometrine	ANTAGONIST	6.27	drugcentral	dopamine	5.6	gtopdb	UNBRKDKAWYKMIV-QWQRMKEZSA-N
263	DRD1_HUMAN	D(1A) dopamine receptor	P21728	GPCR	Ki	pergolide	AGONIST	6.47	drugcentral	dopamine	5.6	gtopdb	YEHCICAEULNIGD-MZMPZRCHSA-N
264	DRD2_HUMAN	D(2) dopamine receptor	P14416	GPCR	Ki	amisulpride	ANTAGONIST	8.55	drugcentral	dopamine	7.2	gtopdb	NTJOBXMMWNYJFB-UHFFFAOYSA-N
265	DRD3_HUMAN	D(3) dopamine receptor	P35462	GPCR	Ki	amisulpride	ANTAGONIST	8.49	drugcentral	dopamine	7.3	gtopdb	NTJOBXMMWNYJFB-UHFFFAOYSA-N
266	DRD2_HUMAN	D(2) dopamine receptor	P14416	GPCR	Ki	apomorphine	AGONIST	9.21	drugcentral	dopamine	7.2	gtopdb	VMWNQDUVQKEIOC-CYBMUJFWSA-N
267	DRD2_HUMAN	D(2) dopamine receptor	P14416	GPCR	Ki	benzquinamide	AGONIST	5.4	drugcentral	dopamine	7.2	gtopdb	JSZILQVIPPROJI-UHFFFAOYSA-N
268	DRD2_HUMAN	D(2) dopamine receptor	P14416	GPCR	Ki	bromocriptine	AGONIST	9.7	drugcentral	dopamine	7.2	gtopdb	OZVBMTJYIDMWIL-AYFBDAFISA-N
269	DRD2_HUMAN	D(2) dopamine receptor	P14416	GPCR	Ki	bromperidol	ANTAGONIST	8.43	drugcentral	dopamine	7.2	gtopdb	RKLNONIVDFXQRX-UHFFFAOYSA-N
270	DRD2_HUMAN	D(2) dopamine receptor	P14416	GPCR	Ki	cabergoline	PARTIAL AGONIST	9.1	drugcentral	dopamine	7.2	gtopdb	KORNTPPJEAJQIU-KJXAQDMKSA-N
271	DRD2_HUMAN	D(2) dopamine receptor	P14416	GPCR	Ki	chlorpromazine	ANTAGONIST	8.15	drugcentral	dopamine	7.2	gtopdb	ZPEIMTDSQAKGNT-UHFFFAOYSA-N
272	DRD2_HUMAN	D(2) dopamine receptor	P14416	GPCR	Ki	chlorprothixene	ANTAGONIST	8.53	drugcentral	dopamine	7.2	gtopdb	WSPOMRSOLSGNFJ-AUWJEWJLSA-N
273	DRD2_HUMAN	D(2) dopamine receptor	P14416	GPCR	Ki	domperidone	ANTAGONIST	8.32	drugcentral	dopamine	7.2	gtopdb	FGXWKSZFVQUSTL-UHFFFAOYSA-N
274	DRD2_HUMAN	D(2) dopamine receptor	P14416	GPCR	Ki	fluphenazine	ANTAGONIST	9.27	drugcentral	dopamine	7.2	gtopdb	PLDUPXSUYLZYBN-UHFFFAOYSA-N
275	DRD2_HUMAN	D(2) dopamine receptor	P14416	GPCR	Ki	fluphenazine enanthate	ANTAGONIST	9.27	drugcentral	dopamine	7.2	gtopdb	LRWSFOSWNAQHHW-UHFFFAOYSA-N
276	DRD2_HUMAN	D(2) dopamine receptor	P14416	GPCR	Ki	haloperidol	INVERSE AGONIST	9.15	drugcentral	dopamine	7.2	gtopdb	LNEPOXFFQSENCJ-UHFFFAOYSA-N
277	DRD2_HUMAN	D(2) dopamine receptor	P14416	GPCR	Ki	metoclopramide	ANTAGONIST	7.19	drugcentral	dopamine	7.2	gtopdb	TTWJBBZEZQICBI-UHFFFAOYSA-N
278	DRD2_HUMAN	D(2) dopamine receptor	P14416	GPCR	Ki	perospirone	ANTAGONIST	9.22	drugcentral	dopamine	7.2	gtopdb	FBVFZWUMDDXLLG-HDICACEKSA-N
279	DRD2_HUMAN	D(2) dopamine receptor	P14416	GPCR	Ki	perphenazine	ANTAGONIST	9.32	drugcentral	dopamine	7.2	gtopdb	RGCVKNLCSQQDEP-UHFFFAOYSA-N
280	DRD2_HUMAN	D(2) dopamine receptor	P14416	GPCR	Ki	pimozide	ANTAGONIST	8.86	drugcentral	dopamine	7.2	gtopdb	YVUQSNJEYSNKRX-UHFFFAOYSA-N
281	DRD2_HUMAN	D(2) dopamine receptor	P14416	GPCR	Ki	pipotiazine palmitate	ANTAGONIST	9.7	drugcentral	dopamine	7.2	gtopdb	KTOYYUONFQWSMW-UHFFFAOYSA-N
282	DRD2_HUMAN	D(2) dopamine receptor	P14416	GPCR	Ki	piribedil	AGONIST	6.85	drugcentral	dopamine	7.2	gtopdb	OQDPVLVUJFGPGQ-UHFFFAOYSA-N
283	DRD2_HUMAN	D(2) dopamine receptor	P14416	GPCR	Ki	prochlorperazine	ANTAGONIST	8.76	drugcentral	dopamine	7.2	gtopdb	WIKYUJGCLQQFNW-UHFFFAOYSA-N
284	DRD3_HUMAN	D(3) dopamine receptor	P35462	GPCR	Ki	prochlorperazine	ANTAGONIST	8.61	drugcentral	dopamine	7.3	gtopdb	WIKYUJGCLQQFNW-UHFFFAOYSA-N
285	DRD2_HUMAN	D(2) dopamine receptor	P14416	GPCR	Ki	ropinirole	AGONIST	6.17	drugcentral	dopamine	7.2	gtopdb	UHSKFQJFRQCDBE-UHFFFAOYSA-N
286	DRD3_HUMAN	D(3) dopamine receptor	P35462	GPCR	Ki	ropinirole	AGONIST	7.43	drugcentral	dopamine	7.3	gtopdb	UHSKFQJFRQCDBE-UHFFFAOYSA-N
287	DRD2_HUMAN	D(2) dopamine receptor	P14416	GPCR	Ki	rotigotine	AGONIST	10.2	drugcentral	dopamine	7.2	gtopdb	KFQYTPMOWPVWEJ-INIZCTEOSA-N
288	DRD2_HUMAN	D(2) dopamine receptor	P14416	GPCR	Ki	sulpiride	ANTAGONIST	8.12	drugcentral	dopamine	7.2	gtopdb	BGRJTUBHPOOWDU-UHFFFAOYSA-N
289	DRD2_HUMAN	D(2) dopamine receptor	P14416	GPCR	Ki	thiethylperazine	ANTAGONIST	8.7	drugcentral	dopamine	7.2	gtopdb	XCTYLCDETUVOIP-UHFFFAOYSA-N
290	DRD2_HUMAN	D(2) dopamine receptor	P14416	GPCR	Ki	thiothixene	ANTAGONIST	9.35	drugcentral	dopamine	7.2	gtopdb	GFBKORZTTCHDGY-UWVJOHFNSA-N
291	DRD2_HUMAN	D(2) dopamine receptor	P14416	GPCR	Ki	trifluoperazine	ANTAGONIST	8.84	drugcentral	dopamine	7.2	gtopdb	ZEWQUBUPAILYHI-UHFFFAOYSA-N
292	DRD2_HUMAN	D(2) dopamine receptor	P14416	GPCR	Ki	triflupromazine	ANTAGONIST	8.55	drugcentral	dopamine	7.2	gtopdb	XSCGXQMFQXDFCW-UHFFFAOYSA-N
293	EDNRA_HUMAN	Endothelin-1 receptor	P25101	GPCR	IC50	macitentan	ANTAGONIST	9.3	drugcentral	endothelin-1	8.5	gtopdb	JGCMEBMXRHSZKX-UHFFFAOYSA-N
294	ESR1_HUMAN	Estrogen receptor	P03372	Nuclear hormone receptor	Ki	diethylstilbestrol	AGONIST	9.66	drugcentral	17beta-estradiol	9.82	gtopdb	RGLYKWWBQGJZGM-ISLYRVAYSA-N
295	ESR1_HUMAN	Estrogen receptor	P03372	Nuclear hormone receptor	Ki	estriol	AGONIST	8.7	drugcentral	17beta-estradiol	9.82	gtopdb	PROQIPRRNZUXQM-ZXXIGWHRSA-N
296	ESR1_HUMAN	Estrogen receptor	P03372	Nuclear hormone receptor	Ki	fulvestrant	ANTAGONIST	9.62	drugcentral	17beta-estradiol	9.82	gtopdb	VWUXBMIQPBEWFH-WCCTWKNTSA-N
297	ESR2_HUMAN	Estrogen receptor beta	Q92731	Nuclear hormone receptor	Ki	fulvestrant	ANTAGONIST	8.74	drugcentral	17beta-estradiol	9.34	gtopdb	VWUXBMIQPBEWFH-WCCTWKNTSA-N
298	ESR1_HUMAN	Estrogen receptor	P03372	Nuclear hormone receptor	Ki	mestranol	AGONIST	8.28	drugcentral	17beta-estradiol	9.82	gtopdb	IMSSROKUHAOUJS-MJCUULBUSA-N
299	GCR_HUMAN	Glucocorticoid receptor	P04150	Nuclear hormone receptor	IC50	betamethasone	AGONIST	8.07	drugcentral	cortisol	8.0	gtopdb	UREBDLICKHMUKA-DVTGEIKXSA-N
300	GCR_HUMAN	Glucocorticoid receptor	P04150	Nuclear hormone receptor	IC50	mifepristone	ANTAGONIST	9.0	drugcentral	cortisol	8.0	gtopdb	VKHAHZOOUSRJNA-GCNJZUOMSA-N
301	GHSR_HUMAN	Growth hormone secretagogue receptor type 1	Q92847	GPCR	Ki	pralmorelin	AGONIST	9.3	drugcentral	ghrelin	8.1	gtopdb	HRNLPPBUBKMZMT-RDRUQFPZSA-N
302	GLR_HUMAN	Glucagon receptor	P47871	GPCR	EC50	glucagon	AGONIST	9.0	drugcentral	glucagon	9.0	gtopdb	MASNOZXLGMXCHN-ZLPAWPGGSA-N
303	GNRHR_HUMAN	Gonadotropin-releasing hormone receptor	P30968	GPCR	Ki	abarelix	ANTAGONIST	9.3	drugcentral	GnRH I	8.4	gtopdb	AIWRTTMUVOZGPW-HSPKUQOVSA-N
304	GNRHR_HUMAN	Gonadotropin-releasing hormone receptor	P30968	GPCR	Ki	cetrorelix	ANTAGONIST	8.8	drugcentral	GnRH I	8.4	gtopdb	SBNPWPIBESPSIF-MHWMIDJBSA-N
305	GNRHR_HUMAN	Gonadotropin-releasing hormone receptor	P30968	GPCR	Ki	degarelix	ANTAGONIST	8.77	drugcentral	GnRH I	8.4	gtopdb	MEUCPCLKGZSHTA-XYAYPHGZSA-N
306	GNRHR_HUMAN	Gonadotropin-releasing hormone receptor	P30968	GPCR	IC50	gonadorelin	AGONIST	8.0	drugcentral	GnRH I	8.6	gtopdb	XLXSAKCOAKORKW-AQJXLSMYSA-N
307	GNRHR_HUMAN	Gonadotropin-releasing hormone receptor	P30968	GPCR	IC50	leuprorelin	AGONIST	9.52	drugcentral	GnRH I	8.6	gtopdb	GFIJNRVAKGFPGQ-LIJARHBVSA-N
308	GNRHR_HUMAN	Gonadotropin-releasing hormone receptor	P30968	GPCR	Kd	nafarelin	AGONIST	9.7	drugcentral	GnRH I	8.54	gtopdb	RWHUEXWOYVBUCI-ITQXDASVSA-N
309	GNRHR_HUMAN	Gonadotropin-releasing hormone receptor	P30968	GPCR	EC50	triptorelin	AGONIST	9.03	drugcentral	GnRH I	10.0	gtopdb	VXKHXGOKWPXYNA-PGBVPBMZSA-N
310	HCAR2_HUMAN	Hydroxycarboxylic acid receptor 2	Q8TDS4	GPCR	EC50	acipimox	AGONIST	5.4	drugcentral	beta-D-hydroxybutyric acid	3.1	gtopdb	DJQOOSBJCLSSEY-UHFFFAOYSA-N
311	HRH1_HUMAN	Histamine H1 receptor	P35367	GPCR	Ki	azelastine	ANTAGONIST	8.17	drugcentral	histamine	5.9	gtopdb	MBUVEWMHONZEQD-UHFFFAOYSA-N
312	HRH1_HUMAN	Histamine H1 receptor	P35367	GPCR	Ki	bilastine	ANTAGONIST	7.19	drugcentral	histamine	5.9	gtopdb	ACCMWZWAEFYUGZ-UHFFFAOYSA-N
313	HRH1_HUMAN	Histamine H1 receptor	P35367	GPCR	Ki	bromazine	ANTAGONIST	8.89	drugcentral	histamine	5.9	gtopdb	NUNIWXHYABYXKF-UHFFFAOYSA-N
314	HRH1_HUMAN	Histamine H1 receptor	P35367	GPCR	Ki	brompheniramine	ANTAGONIST	8.22	drugcentral	histamine	5.9	gtopdb	ZDIGNSYAACHWNL-UHFFFAOYSA-N
315	HRH1_HUMAN	Histamine H1 receptor	P35367	GPCR	Ki	cetirizine	ANTAGONIST	7.91	drugcentral	histamine	5.9	gtopdb	ZKLPARSLTMPFCP-UHFFFAOYSA-N
316	HRH1_HUMAN	Histamine H1 receptor	P35367	GPCR	Ki	chlorphenamine	ANTAGONIST	8.15	drugcentral	histamine	5.9	gtopdb	SOYKEARSMXGVTM-UHFFFAOYSA-N
317	HRH1_HUMAN	Histamine H1 receptor	P35367	GPCR	Ki	clemastine	ANTAGONIST	8.59	drugcentral	histamine	5.9	gtopdb	YNNUSGIPVFPVBX-NHCUHLMSSA-N
318	HRH1_HUMAN	Histamine H1 receptor	P35367	GPCR	Ki	cyclizine	ANTAGONIST	8.35	drugcentral	histamine	5.9	gtopdb	UVKZSORBKUEBAZ-UHFFFAOYSA-N
319	HRH1_HUMAN	Histamine H1 receptor	P35367	GPCR	Ki	cyproheptadine	ANTAGONIST	10.22	drugcentral	histamine	5.9	gtopdb	JJCFRYNCJDLXIK-UHFFFAOYSA-N
320	HRH1_HUMAN	Histamine H1 receptor	P35367	GPCR	Ki	desloratadine	ANTAGONIST	9.4	drugcentral	histamine	5.9	gtopdb	JAUOIFJMECXRGI-UHFFFAOYSA-N
321	HRH1_HUMAN	Histamine H1 receptor	P35367	GPCR	Ki	dexchlorpheniramine	ANTAGONIST	8.45	drugcentral	histamine	5.9	gtopdb	SOYKEARSMXGVTM-HNNXBMFYSA-N
322	HRH1_HUMAN	Histamine H1 receptor	P35367	GPCR	Ki	diphenhydramine	ANTAGONIST	7.81	drugcentral	histamine	5.9	gtopdb	ZZVUWRFHKOJYTH-UHFFFAOYSA-N
323	HRH1_HUMAN	Histamine H1 receptor	P35367	GPCR	Ki	diphenylpyraline	ANTAGONIST	8.08	drugcentral	histamine	5.9	gtopdb	OWQUZNMMYNAXSL-UHFFFAOYSA-N
324	HRH1_HUMAN	Histamine H1 receptor	P35367	GPCR	Ki	doxepin	ANTAGONIST	9.75	drugcentral	histamine	5.9	gtopdb	ODQWQRRAPPTVAG-UHFFFAOYSA-N
325	HRH1_HUMAN	Histamine H1 receptor	P35367	GPCR	Ki	ebastine	ANTAGONIST	8.0	drugcentral	histamine	5.9	gtopdb	MJJALKDDGIKVBE-UHFFFAOYSA-N
326	HRH1_HUMAN	Histamine H1 receptor	P35367	GPCR	Ki	emedastine	ANTAGONIST	8.89	drugcentral	histamine	5.9	gtopdb	KBUZBQVCBVDWKX-UHFFFAOYSA-N
327	HRH1_HUMAN	Histamine H1 receptor	P35367	GPCR	Ki	epinastine	ANTAGONIST	8.9	drugcentral	histamine	5.9	gtopdb	WHWZLSFABNNENI-UHFFFAOYSA-N
328	HRH1_HUMAN	Histamine H1 receptor	P35367	GPCR	Ki	fexofenadine	ANTAGONIST	8.0	drugcentral	histamine	5.9	gtopdb	RWTNPBWLLIMQHL-UHFFFAOYSA-N
329	HRH1_HUMAN	Histamine H1 receptor	P35367	GPCR	Ki	histamine	AGONIST	4.1	drugcentral	histamine	5.9	gtopdb	NTYJJOPFIAHURM-UHFFFAOYSA-N
330	HRH1_HUMAN	Histamine H1 receptor	P35367	GPCR	Ki	hydroxyzine	ANTAGONIST	8.7	drugcentral	histamine	5.9	gtopdb	ZQDWXGKKHFNSQK-UHFFFAOYSA-N
331	HRH1_HUMAN	Histamine H1 receptor	P35367	GPCR	Ki	ketotifen	ANTAGONIST	9.51	drugcentral	histamine	5.9	gtopdb	ZCVMWBYGMWKGHF-UHFFFAOYSA-N
332	HRH1_HUMAN	Histamine H1 receptor	P35367	GPCR	Ki	levocabastine	ANTAGONIST	7.28	drugcentral	histamine	5.9	gtopdb	ZCGOMHNNNFPNMX-KYTRFIICSA-N
333	HRH1_HUMAN	Histamine H1 receptor	P35367	GPCR	Ki	levocetirizine	ANTAGONIST	7.95	drugcentral	histamine	5.9	gtopdb	ZKLPARSLTMPFCP-OAQYLSRUSA-N
334	HRH1_HUMAN	Histamine H1 receptor	P35367	GPCR	Ki	loratadine	ANTAGONIST	6.97	drugcentral	histamine	5.9	gtopdb	JCCNYMKQOSZNPW-UHFFFAOYSA-N
335	HRH1_HUMAN	Histamine H1 receptor	P35367	GPCR	Ki	mebhydrolin	ANTAGONIST	7.12	drugcentral	histamine	5.9	gtopdb	FQQIIPAOSKSOJM-UHFFFAOYSA-N
336	HRH1_HUMAN	Histamine H1 receptor	P35367	GPCR	Ki	mepyramine	ANTAGONIST	9.1	drugcentral	histamine	5.9	gtopdb	YECBIJXISLIIDS-UHFFFAOYSA-N
337	HRH1_HUMAN	Histamine H1 receptor	P35367	GPCR	Ki	mizolastine	ANTAGONIST	8.84	drugcentral	histamine	5.9	gtopdb	PVLJETXTTWAYEW-UHFFFAOYSA-N
338	HRH1_HUMAN	Histamine H1 receptor	P35367	GPCR	Ki	olopatadine	ANTAGONIST	8.28	drugcentral	histamine	5.9	gtopdb	JBIMVDZLSHOPLA-LSCVHKIXSA-N
339	HRH1_HUMAN	Histamine H1 receptor	P35367	GPCR	Ki	orphenadrine	ANTAGONIST	7.96	drugcentral	histamine	5.9	gtopdb	QVYRGXJJSLMXQH-UHFFFAOYSA-N
340	HRH1_HUMAN	Histamine H1 receptor	P35367	GPCR	Ki	oxatomide	ANTAGONIST	7.7	drugcentral	histamine	5.9	gtopdb	BAINIUMDFURPJM-UHFFFAOYSA-N
341	HRH1_HUMAN	Histamine H1 receptor	P35367	GPCR	Ki	promethazine	ANTAGONIST	9.62	drugcentral	histamine	5.9	gtopdb	PWWVAXIEGOYWEE-UHFFFAOYSA-N
342	HRH1_HUMAN	Histamine H1 receptor	P35367	GPCR	Ki	terfenadine	ANTAGONIST	8.7	drugcentral	histamine	5.9	gtopdb	GUGOEEXESWIERI-UHFFFAOYSA-N
343	HRH1_HUMAN	Histamine H1 receptor	P35367	GPCR	Ki	triprolidine	ANTAGONIST	9.9	drugcentral	histamine	5.9	gtopdb	CBEQULMOCCWAQT-WOJGMQOQSA-N
344	HRH3_HUMAN	Histamine H3 receptor	Q9Y5N1	GPCR	Ki	pitolisant	INVERSE AGONIST	9.8	drugcentral	histamine	8.3	gtopdb	NNACHAUCXXVJSP-UHFFFAOYSA-N
345	MCR_HUMAN	Mineralocorticoid receptor	P08235	Nuclear hormone receptor	IC50	canrenone	ANTAGONIST	6.52	drugcentral	progesterone	11.0	gtopdb	UJVLDDZCTMKXJK-WNHSNXHDSA-N
346	MCR_HUMAN	Mineralocorticoid receptor	P08235	Nuclear hormone receptor	IC50	desoxycortone	AGONIST	11.0	drugcentral	progesterone	11.0	gtopdb	ZESRJSPZRDMNHY-YFWFAHHUSA-N
347	MCR_HUMAN	Mineralocorticoid receptor	P08235	Nuclear hormone receptor	IC50	drospirenone	ANTAGONIST	10.5	drugcentral	progesterone	11.0	gtopdb	METQSPRSQINEEU-HXCATZOESA-N
348	PRGR_HUMAN	Progesterone receptor	P06401	Nuclear hormone receptor	EC50	drospirenone	AGONIST	10.5	drugcentral	progesterone	8.82	gtopdb	METQSPRSQINEEU-HXCATZOESA-N
349	MCR_HUMAN	Mineralocorticoid receptor	P08235	Nuclear hormone receptor	IC50	eplerenone	ANTAGONIST	7.0	drugcentral	progesterone	11.0	gtopdb	JUKPWJGBANNWMW-VWBFHTRKSA-N
350	MCR_HUMAN	Mineralocorticoid receptor	P08235	Nuclear hormone receptor	IC50	fludrocortisone acetate	AGONIST	9.92	drugcentral	progesterone	11.0	gtopdb	SYWHXTATXSMDSB-GSLJADNHSA-N
351	MCR_HUMAN	Mineralocorticoid receptor	P08235	Nuclear hormone receptor	IC50	spironolactone	ANTAGONIST	9.88	drugcentral	progesterone	11.0	gtopdb	LXMSZDCAJNLERA-ZHYRCANASA-N
352	MSHR_HUMAN	Melanocyte-stimulating hormone receptor	Q01726	GPCR	IC50	afamelanotide	AGONIST	10.0	drugcentral	alpha-MSH	8.4	gtopdb	UAHFGYDRQSXQEB-PWPYQVNISA-N
353	MTR1A_HUMAN	Melatonin receptor type 1A	P48039	GPCR	Ki	ramelteon	AGONIST	10.9	drugcentral	melatonin	9.7	gtopdb	YLXDSYKOBKBWJQ-LBPRGKRZSA-N
354	MTR1B_HUMAN	Melatonin receptor type 1B	P49286	GPCR	Ki	ramelteon	AGONIST	10.39	drugcentral	melatonin	9.8	gtopdb	YLXDSYKOBKBWJQ-LBPRGKRZSA-N
355	MTR1A_HUMAN	Melatonin receptor type 1A	P48039	GPCR	Ki	tasimelteon	AGONIST	9.45	drugcentral	melatonin	9.7	gtopdb	PTOIAAWZLUQTIO-GXFFZTMASA-N
356	MTR1B_HUMAN	Melatonin receptor type 1B	P49286	GPCR	Ki	tasimelteon	AGONIST	9.8	drugcentral	melatonin	9.8	gtopdb	PTOIAAWZLUQTIO-GXFFZTMASA-N
357	NK1R_HUMAN	Substance-P receptor	P25103	GPCR	Ki	aprepitant	ANTAGONIST	10.7	drugcentral	substance P	10.3	gtopdb	ATALOFNDEOCMKK-OITMNORJSA-N
358	NK1R_HUMAN	Substance-P receptor	P25103	GPCR	Ki	casopitant	ANTAGONIST	9.9	drugcentral	substance P	10.3	gtopdb	XGGTZCKQRWXCHW-WMTVXVAQSA-N
359	NK1R_HUMAN	Substance-P receptor	P25103	GPCR	Ki	netupitant	ANTAGONIST	9.02	drugcentral	substance P	10.3	gtopdb	WAXQNWCZJDTGBU-UHFFFAOYSA-N
360	NK1R_HUMAN	Substance-P receptor	P25103	GPCR	Ki	rolapitant	ANTAGONIST	9.18	drugcentral	substance P	10.3	gtopdb	FIVSJYGQAIEMOC-ZGNKEGEESA-N
361	OPRD_HUMAN	Delta-type opioid receptor	P41143	GPCR	Ki	eluxadoline	ANTAGONIST	8.89	drugcentral	[Leu]enkephalin	8.7	gtopdb	QFNHIDANIVGXPE-FNZWTVRRSA-N
362	OPRM_HUMAN	Mu-type opioid receptor	P35372	GPCR	Ki	eluxadoline	AGONIST	8.77	drugcentral	dynorphin B	8.5	gtopdb	QFNHIDANIVGXPE-FNZWTVRRSA-N
363	OPRD_HUMAN	Delta-type opioid receptor	P41143	GPCR	Ki	nalbuphine	AGONIST	6.0	drugcentral	[Leu]enkephalin	8.7	gtopdb	NETZHAKZCGBWSS-CEDHKZHLSA-N
364	OPRK_HUMAN	Kappa-type opioid receptor	P41145	GPCR	Ki	nalbuphine	AGONIST	8.0	drugcentral	dynorphin A	10.8	gtopdb	NETZHAKZCGBWSS-CEDHKZHLSA-N
365	OPRM_HUMAN	Mu-type opioid receptor	P35372	GPCR	Ki	nalbuphine	AGONIST	8.8	drugcentral	dynorphin B	8.5	gtopdb	NETZHAKZCGBWSS-CEDHKZHLSA-N
366	OPRD_HUMAN	Delta-type opioid receptor	P41143	GPCR	Ki	naltrexone	ANTAGONIST	7.99	drugcentral	[Leu]enkephalin	8.7	gtopdb	DQCKKXVULJGBQN-XFWGSAIBSA-N
367	OPRK_HUMAN	Kappa-type opioid receptor	P41145	GPCR	Ki	naltrexone	ANTAGONIST	8.93	drugcentral	dynorphin A	10.8	gtopdb	DQCKKXVULJGBQN-XFWGSAIBSA-N
368	OPRM_HUMAN	Mu-type opioid receptor	P35372	GPCR	Ki	naltrexone	ANTAGONIST	9.38	drugcentral	dynorphin B	8.5	gtopdb	DQCKKXVULJGBQN-XFWGSAIBSA-N
369	OPRD_HUMAN	Delta-type opioid receptor	P41143	GPCR	Ki	oxymorphone	AGONIST	7.3	drugcentral	[Leu]enkephalin	8.7	gtopdb	UQCNKQCJZOAFTQ-ISWURRPUSA-N
370	OPRK_HUMAN	Kappa-type opioid receptor	P41145	GPCR	Ki	oxymorphone	AGONIST	6.83	drugcentral	dynorphin A	10.8	gtopdb	UQCNKQCJZOAFTQ-ISWURRPUSA-N
371	OPRM_HUMAN	Mu-type opioid receptor	P35372	GPCR	Ki	oxymorphone	AGONIST	9.44	drugcentral	dynorphin B	8.5	gtopdb	UQCNKQCJZOAFTQ-ISWURRPUSA-N
372	OPRK_HUMAN	Kappa-type opioid receptor	P41145	GPCR	Ki	buprenorphine	ANTAGONIST	9.01	drugcentral	dynorphin A	10.8	gtopdb	RMRJXGBAOAMLHD-IHFGGWKQSA-N
373	OPRM_HUMAN	Mu-type opioid receptor	P35372	GPCR	Ki	buprenorphine	PARTIAL AGONIST	8.29	drugcentral	dynorphin B	8.5	gtopdb	RMRJXGBAOAMLHD-IHFGGWKQSA-N
374	OPRK_HUMAN	Kappa-type opioid receptor	P41145	GPCR	Ki	butorphanol	PARTIAL AGONIST	9.92	drugcentral	dynorphin A	10.8	gtopdb	IFKLAQQSCNILHL-QHAWAJNXSA-N
375	OPRM_HUMAN	Mu-type opioid receptor	P35372	GPCR	Ki	butorphanol	PARTIAL AGONIST	9.92	drugcentral	dynorphin B	8.5	gtopdb	IFKLAQQSCNILHL-QHAWAJNXSA-N
376	OPRK_HUMAN	Kappa-type opioid receptor	P41145	GPCR	Ki	nalfurafine	AGONIST	9.64	drugcentral	dynorphin A	10.8	gtopdb	XGZZHZMWIXFATA-UEZBDDGYSA-N
377	OPRK_HUMAN	Kappa-type opioid receptor	P41145	GPCR	Ki	nalmefene	ANTAGONIST	9.92	drugcentral	dynorphin A	10.8	gtopdb	WJBLNOPPDWQMCH-MBPVOVBZSA-N
378	OPRM_HUMAN	Mu-type opioid receptor	P35372	GPCR	Ki	alvimopan	ANTAGONIST	9.4	drugcentral	dynorphin B	8.5	gtopdb	UPNUIXSCZBYVBB-JVFUWBCBSA-N
379	OPRM_HUMAN	Mu-type opioid receptor	P35372	GPCR	Ki	codeine	AGONIST	6.14	drugcentral	dynorphin B	8.5	gtopdb	OROGSEYTTFOCAN-DNJOTXNNSA-N
380	OPRM_HUMAN	Mu-type opioid receptor	P35372	GPCR	Ki	hydrocodone	AGONIST	8.02	drugcentral	dynorphin B	8.5	gtopdb	LLPOLZWFYMWNKH-CMKMFDCUSA-N
381	OPRM_HUMAN	Mu-type opioid receptor	P35372	GPCR	Ki	hydromorphone	AGONIST	9.55	drugcentral	dynorphin B	8.5	gtopdb	WVLOADHCBXTIJK-YNHQPCIGSA-N
382	OPRM_HUMAN	Mu-type opioid receptor	P35372	GPCR	Ki	levallorphan	ANTAGONIST	9.32	drugcentral	dynorphin B	8.5	gtopdb	OZYUPQUCAUTOBP-QXAKKESOSA-N
383	OPRM_HUMAN	Mu-type opioid receptor	P35372	GPCR	Ki	levorphanol	AGONIST	9.68	drugcentral	dynorphin B	8.5	gtopdb	JAQUASYNZVUNQP-USXIJHARSA-N
384	OPRM_HUMAN	Mu-type opioid receptor	P35372	GPCR	Ki	loperamide	AGONIST	8.82	drugcentral	dynorphin B	8.5	gtopdb	RDOIQAHITMMDAJ-UHFFFAOYSA-N
385	OPRM_HUMAN	Mu-type opioid receptor	P35372	GPCR	Ki	methadone	AGONIST	8.78	drugcentral	dynorphin B	8.5	gtopdb	USSIQXCVUWKGNF-UHFFFAOYSA-N
386	OPRM_HUMAN	Mu-type opioid receptor	P35372	GPCR	Ki	methylnaltrexone	ANTAGONIST	7.55	drugcentral	dynorphin B	8.5	gtopdb	JVLBPIPGETUEET-GAAHOAFPSA-O
387	OPRM_HUMAN	Mu-type opioid receptor	P35372	GPCR	Ki	naloxone	ANTAGONIST	8.81	drugcentral	dynorphin B	8.5	gtopdb	UZHSEJADLWPNLE-GRGSLBFTSA-N
388	OPRM_HUMAN	Mu-type opioid receptor	P35372	GPCR	Ki	oxycodone	AGONIST	7.8	drugcentral	dynorphin B	8.5	gtopdb	BRUQQQPBMZOVGD-XFKAJCMBSA-N
389	OPRM_HUMAN	Mu-type opioid receptor	P35372	GPCR	Ki	pethidine	AGONIST	6.04	drugcentral	dynorphin B	8.5	gtopdb	XADCESSVHJOZHK-UHFFFAOYSA-N
390	OPRM_HUMAN	Mu-type opioid receptor	P35372	GPCR	Ki	tapentadol	AGONIST	7.02	drugcentral	dynorphin B	8.5	gtopdb	KWTWDQCKEHXFFR-SMDDNHRTSA-N
391	OPRM_HUMAN	Mu-type opioid receptor	P35372	GPCR	Ki	tramadol	AGONIST	5.8	drugcentral	dynorphin B	8.5	gtopdb	TVYLLZQTGLZFBW-ZBFHGGJFSA-N
392	OXYR_HUMAN	Oxytocin receptor	P30559	GPCR	Ki	atosiban	ANTAGONIST	7.96	drugcentral	oxytocin	9.6	gtopdb	VWXRQYYUEIYXCZ-OBIMUBPZSA-N
393	OXYR_HUMAN	Oxytocin receptor	P30559	GPCR	Ki	carbetocin	AGONIST	8.15	drugcentral	oxytocin	9.6	gtopdb	NSTRIRCPWQHTIA-DTRKZRJBSA-N
394	OXYR_HUMAN	Oxytocin receptor	P30559	GPCR	Ki	oxytocin	AGONIST	9.1	drugcentral	oxytocin	9.6	gtopdb	XNOPRXBHLZRZKH-DSZYJQQASA-N
395	P2RY2_HUMAN	P2Y purinoceptor 2	P41231	GPCR	EC50	diquafosol	AGONIST	7.47	drugcentral	uridine triphosphate	8.1	gtopdb	NMLMACJWHPHKGR-NCOIDOBVSA-N
396	P2Y12_HUMAN	P2Y purinoceptor 12	Q9H244	GPCR	Ki	clopidogrel	ANTAGONIST	6.9	drugcentral	ADP	5.9	gtopdb	GKTWGGQPFAXNFI-HNNXBMFYSA-N
397	PE2R1_HUMAN	Prostaglandin E2 receptor EP1 subtype	P34995	GPCR	Ki	dinoprostone	AGONIST	8.04	drugcentral	PGE2	8.0	gtopdb	XEYBRNLFEZDVAW-ARSRFYASSA-N
398	PE2R2_HUMAN	Prostaglandin E2 receptor EP2 subtype	P43116	GPCR	Ki	dinoprostone	AGONIST	8.77	drugcentral	PGE2	8.3	gtopdb	XEYBRNLFEZDVAW-ARSRFYASSA-N
399	PE2R3_HUMAN	Prostaglandin E2 receptor EP3 subtype	P43115	GPCR	Ki	dinoprostone	AGONIST	9.48	drugcentral	PGE2	9.48	gtopdb	XEYBRNLFEZDVAW-ARSRFYASSA-N
400	PE2R4_HUMAN	Prostaglandin E2 receptor EP4 subtype	P35408	GPCR	Ki	dinoprostone	AGONIST	9.77	drugcentral	PGF2alpha	9.49	gtopdb	XEYBRNLFEZDVAW-ARSRFYASSA-N
401	PE2R1_HUMAN	Prostaglandin E2 receptor EP1 subtype	P34995	GPCR	Ki	epoprostenol	AGONIST	4.8	drugcentral	PGE2	8.0	gtopdb	KAQKFAOMNZTLHT-OZUDYXHBSA-N
402	PE2R3_HUMAN	Prostaglandin E2 receptor EP3 subtype	P43115	GPCR	Ki	misoprostol	AGONIST	6.5	drugcentral	PGE2	9.48	gtopdb	OJLOPKGSLYJEMD-URPKTTJQSA-N
403	PF2R_HUMAN	Prostaglandin F2-alpha receptor	P43088	GPCR	Ki	bimatoprost	AGONIST	5.3	drugcentral	PGF2alpha	8.5	gtopdb	AQOKCDNYWBIDND-FTOWTWDKSA-N
404	PF2R_HUMAN	Prostaglandin F2-alpha receptor	P43088	GPCR	Ki	latanoprost	AGONIST	6.3	drugcentral	PGF2alpha	8.5	gtopdb	GGXICVAJURFBLW-CEYXHVGTSA-N
405	PF2R_HUMAN	Prostaglandin F2-alpha receptor	P43088	GPCR	Ki	travoprost	AGONIST	7.28	drugcentral	PGF2alpha	8.5	gtopdb	MKPLKVHSHYCHOC-AHTXBMBWSA-N
406	PI2R_HUMAN	Prostacyclin receptor	P43119	GPCR	Ki	selexipag	AGONIST	7.7	drugcentral	PGI2	7.8	gtopdb	QXWZQTURMXZVHJ-UHFFFAOYSA-N
407	PI2R_HUMAN	Prostacyclin receptor	P43119	GPCR	Ki	treprostinil	AGONIST	7.49	drugcentral	PGI2	7.8	gtopdb	PAJMKGZZBBTTOY-ZFORQUDYSA-N
408	PRGR_HUMAN	Progesterone receptor	P06401	Nuclear hormone receptor	EC50	medroxyprogesterone	AGONIST	9.59	drugcentral	progesterone	8.82	gtopdb	PSGAAPLEWMOORI-PEINSRQWSA-N
409	PTH1R_HUMAN	Parathyroid hormone/parathyroid hormone-related peptide receptor	Q03431	GPCR	IC50	teriparatide	AGONIST	7.4	drugcentral	PTHrP-(1-36)	6.5	gtopdb	OGBMKVWORPGQRR-UMXFMPSGSA-N
410	RARB_HUMAN	Retinoic acid receptor beta	P10826	Nuclear hormone receptor	Ki	adapalene	AGONIST	7.47	drugcentral	tretinoin	9.4	gtopdb	LZCDAPDGXCYOEH-UHFFFAOYSA-N
411	S1PR1_HUMAN	Sphingosine 1-phosphate receptor 1	P21453	GPCR	EC50	fingolimod	AGONIST	9.52	drugcentral	sphingosine 1-phosphate	9.4	gtopdb	KKGQTZUTZRNORY-UHFFFAOYSA-N
412	S1PR3_HUMAN	Sphingosine 1-phosphate receptor 3	Q99500	GPCR	EC50	fingolimod	AGONIST	8.52	drugcentral	sphingosine 1-phosphate	9.8	gtopdb	KKGQTZUTZRNORY-UHFFFAOYSA-N
413	S1PR4_HUMAN	Sphingosine 1-phosphate receptor 4	O95977	GPCR	EC50	fingolimod	AGONIST	9.52	drugcentral	sphingosine 1-phosphate	8.07	gtopdb	KKGQTZUTZRNORY-UHFFFAOYSA-N
414	S1PR5_HUMAN	Sphingosine 1-phosphate receptor 5	Q9H228	GPCR	EC50	fingolimod	AGONIST	9.52	drugcentral	sphingosine 1-phosphate	8.9	gtopdb	KKGQTZUTZRNORY-UHFFFAOYSA-N
415	SCTR_HUMAN	Secretin receptor	P47872	GPCR	EC50	secretin human	AGONIST	9.7	drugcentral	secretin	9.7	gtopdb	OWMZNFCDEHGFEP-NFBCVYDUSA-N
416	SSR1_HUMAN	Somatostatin receptor type 1	P30872	GPCR	Ki	octreotide	AGONIST	6.65	drugcentral	CST-17	9.6	gtopdb	DEQANNDTNATYII-WKXAURAUSA-N
417	SSR3_HUMAN	Somatostatin receptor type 3	P32745	GPCR	Ki	octreotide	AGONIST	8.3	drugcentral	SRIF-14	10.0	gtopdb	DEQANNDTNATYII-WKXAURAUSA-N
418	SSR4_HUMAN	Somatostatin receptor type 4	P31391	GPCR	Ki	octreotide	AGONIST	6.4	drugcentral	CST-17	9.6	gtopdb	DEQANNDTNATYII-WKXAURAUSA-N
419	SSR1_HUMAN	Somatostatin receptor type 1	P30872	GPCR	Ki	somatostatin	AGONIST	9.54	drugcentral	CST-17	9.6	gtopdb	NHXLMOGPVYXJNR-ATOGVRKGSA-N
420	SSR2_HUMAN	Somatostatin receptor type 2	P30874	GPCR	Ki	somatostatin	AGONIST	10.46	drugcentral	SRIF-14	10.5	gtopdb	NHXLMOGPVYXJNR-ATOGVRKGSA-N
421	SSR3_HUMAN	Somatostatin receptor type 3	P32745	GPCR	Ki	somatostatin	AGONIST	10.0	drugcentral	SRIF-14	10.0	gtopdb	NHXLMOGPVYXJNR-ATOGVRKGSA-N
422	SSR4_HUMAN	Somatostatin receptor type 4	P31391	GPCR	Ki	somatostatin	AGONIST	9.23	drugcentral	CST-17	9.6	gtopdb	NHXLMOGPVYXJNR-ATOGVRKGSA-N
423	SSR5_HUMAN	Somatostatin receptor type 5	P35346	GPCR	Ki	somatostatin	AGONIST	9.85	drugcentral	SRIF-28	10.3	gtopdb	NHXLMOGPVYXJNR-ATOGVRKGSA-N
424	SSR2_HUMAN	Somatostatin receptor type 2	P30874	GPCR	Ki	lanreotide	AGONIST	9.15	drugcentral	SRIF-14	10.5	gtopdb	PUDHBTGHUJUUFI-PURAGXGVSA-N
425	SSR5_HUMAN	Somatostatin receptor type 5	P35346	GPCR	Ki	lanreotide	AGONIST	8.35	drugcentral	SRIF-28	10.3	gtopdb	PUDHBTGHUJUUFI-PURAGXGVSA-N
426	TA2R_HUMAN	Thromboxane A2 receptor	P21731	GPCR	Ki	ramatroban	INVERSE AGONIST	9.24	drugcentral	PGF2alpha	5.1	gtopdb	LDXDSHIEDAPSSA-OAHLLOKOSA-N
427	TAAR1_HUMAN	Trace amine-associated receptor 1	Q96RJ0	GPCR	EC50	hydroxyamfetamine	AGONIST	5.53	drugcentral	beta-phenylethylamine	7.0	gtopdb	GIKNHHRFLCDOEU-UHFFFAOYSA-N
428	TAAR1_HUMAN	Trace amine-associated receptor 1	Q96RJ0	GPCR	EC50	levmetamfetamine	AGONIST	5.48	drugcentral	beta-phenylethylamine	7.0	gtopdb	MYWUZJCMWCOHBA-SECBINFHSA-N
429	TAAR1_HUMAN	Trace amine-associated receptor 1	Q96RJ0	GPCR	EC50	tyramine	AGONIST	7.16	drugcentral	beta-phenylethylamine	7.0	gtopdb	DZGWFCGJZKJUFP-UHFFFAOYSA-N
430	THA_HUMAN	Thyroid hormone receptor alpha	P10827	Nuclear hormone receptor	Kd	liothyronine	AGONIST	10.24	drugcentral	triiodothyronine	10.0	gtopdb	AUYYCJSJGJYCDS-LBPRGKRZSA-N
431	THB_HUMAN	Thyroid hormone receptor beta	P10828	Nuclear hormone receptor	IC50	levothyroxine	AGONIST	8.52	drugcentral	T4	8.52	gtopdb	XUIIKFGFIJCVMT-LBPRGKRZSA-N
432	V1AR_HUMAN	Vasopressin V1a receptor	P37288	GPCR	Ki	conivaptan	ANTAGONIST	9.37	drugcentral	vasopressin	9.3	gtopdb	IKENVDNFQMCRTR-UHFFFAOYSA-N
433	V2R_HUMAN	Vasopressin V2 receptor	P30518	GPCR	Ki	conivaptan	ANTAGONIST	9.44	drugcentral	vasopressin	9.1	gtopdb	IKENVDNFQMCRTR-UHFFFAOYSA-N
434	V1AR_HUMAN	Vasopressin V1a receptor	P37288	GPCR	Ki	vasopressin	AGONIST	9.59	drugcentral	vasopressin	9.3	gtopdb	KBZOIRJILGZLEJ-LGYYRGKSSA-N
435	V1BR_HUMAN	Vasopressin V1b receptor	P47901	GPCR	Ki	vasopressin	AGONIST	9.31	drugcentral	vasopressin	9.5	gtopdb	KBZOIRJILGZLEJ-LGYYRGKSSA-N
436	V2R_HUMAN	Vasopressin V2 receptor	P30518	GPCR	Ki	vasopressin	AGONIST	8.92	drugcentral	vasopressin	9.1	gtopdb	KBZOIRJILGZLEJ-LGYYRGKSSA-N
437	V2R_HUMAN	Vasopressin V2 receptor	P30518	GPCR	Ki	desmopressin	AGONIST	8.3	drugcentral	vasopressin	9.1	gtopdb	NFLWUMRGJYTJIN-PNIOQBSNSA-N
438	V2R_HUMAN	Vasopressin V2 receptor	P30518	GPCR	Ki	mozavaptan	ANTAGONIST	8.03	drugcentral	vasopressin	9.1	gtopdb	WRNXUQJJCIZICJ-UHFFFAOYSA-N
439	V2R_HUMAN	Vasopressin V2 receptor	P30518	GPCR	Ki	tolvaptan	ANTAGONIST	9.0	drugcentral	vasopressin	9.1	gtopdb	GYHCTFXIZSNGJT-UHFFFAOYSA-N
440	VDR_HUMAN	Vitamin D3 receptor	P11473	Nuclear hormone receptor	Kd	calcipotriene	AGONIST	9.51	drugcentral	1,25-dihydroxyvitamin D3	9.2	gtopdb	LWQQLNNNIPYSNX-UROSTWAQSA-N
441	VDR_HUMAN	Vitamin D3 receptor	P11473	Nuclear hormone receptor	Kd	eldecalcitol	AGONIST	8.0	drugcentral	1,25-dihydroxyvitamin D3	9.2	gtopdb	FZEXGDDBXLBRTD-AYIMTCTASA-N
